,Title,Company,url,Location,company_url
0,Front-End Developer,Interac Corp.,https://ca.linkedin.com/jobs/view/front-end-developer-at-interac-corp-4207101268?position=1&pageNum=0&refId=xYkFTXO7D5%2FicrZ%2FeNF9ZA%3D%3D&trackingId=V9Oj3GiSVoyhqujMfZPnaA%3D%3D,"Toronto, Ontario, Canada",https://ca.linkedin.com/company/interac-corp?trk=public_jobs_jserp-result_job-search-card-subtitle
1,Developer,Scotiabank,https://ca.linkedin.com/jobs/view/developer-at-scotiabank-4234605586?position=2&pageNum=0&refId=xYkFTXO7D5%2FicrZ%2FeNF9ZA%3D%3D&trackingId=bekSgZdTcxyL7eVhcNcPKA%3D%3D,"Toronto, Ontario, Canada",https://ca.linkedin.com/company/scotiabank?trk=public_jobs_jserp-result_job-search-card-subtitle
2,Software Engineer Intern (Fall 2025),Zip,https://ca.linkedin.com/jobs/view/software-engineer-intern-fall-2025-at-zip-4190720277?position=3&pageNum=0&refId=xYkFTXO7D5%2FicrZ%2FeNF9ZA%3D%3D&trackingId=QG6USsE2DpyJ1P4eeWfYTA%3D%3D,"Toronto, Ontario, Canada",https://www.linkedin.com/company/theziphq?trk=public_jobs_jserp-result_job-search-card-subtitle
3,Frontend Engineer - Onboarding,BitGo,https://ca.linkedin.com/jobs/view/frontend-engineer-onboarding-at-bitgo-4221483092?position=4&pageNum=0&refId=xYkFTXO7D5%2FicrZ%2FeNF9ZA%3D%3D&trackingId=IrqzaJ0cajNlxjJy1f8%2Fhw%3D%3D,"Toronto, Ontario, Canada",https://www.linkedin.com/company/bitgo?trk=public_jobs_jserp-result_job-search-card-subtitle
4,"Front-End Engineer, GenAI, Amazon",Amazon,https://ca.linkedin.com/jobs/view/front-end-engineer-genai-amazon-at-amazon-4170230072?position=5&pageNum=0&refId=xYkFTXO7D5%2FicrZ%2FeNF9ZA%3D%3D&trackingId=eskKwHscF4MmfW6vL9Wpew%3D%3D,"Toronto, Ontario, Canada",https://www.linkedin.com/company/amazon?trk=public_jobs_jserp-result_job-search-card-subtitle
5,"Software Engineer, Android - Mapping",Lyft,https://ca.linkedin.com/jobs/view/software-engineer-android-mapping-at-lyft-4170162773?position=6&pageNum=0&refId=xYkFTXO7D5%2FicrZ%2FeNF9ZA%3D%3D&trackingId=k18nLkrG2zU1jJ82udF8HQ%3D%3D,"Toronto, Ontario, Canada",https://www.linkedin.com/company/lyft?trk=public_jobs_jserp-result_job-search-card-subtitle
6,Junior Software Developer,Queen's Student Alumni Association,https://ca.linkedin.com/jobs/view/junior-software-developer-at-queen-s-student-alumni-association-4234936466?position=7&pageNum=0&refId=xYkFTXO7D5%2FicrZ%2FeNF9ZA%3D%3D&trackingId=%2FzK6zpz4LRUM2oHBiTC3wg%3D%3D,"Kingston, Ontario, Canada",https://ca.linkedin.com/company/queens-student-alumni-association?trk=public_jobs_jserp-result_job-search-card-subtitle
7,Software Engineer - Full Stack and Back End,Citi,https://ca.linkedin.com/jobs/view/software-engineer-full-stack-and-back-end-at-citi-4169034781?position=8&pageNum=0&refId=xYkFTXO7D5%2FicrZ%2FeNF9ZA%3D%3D&trackingId=EV2aB4kRVBXbXA5GnpMscw%3D%3D,"Mississauga, Ontario, Canada",https://www.linkedin.com/company/citi?trk=public_jobs_jserp-result_job-search-card-subtitle
8,software developer,Arc10 Technologies Inc.,https://ca.linkedin.com/jobs/view/software-developer-at-arc10-technologies-inc-4237359611?position=9&pageNum=0&refId=xYkFTXO7D5%2FicrZ%2FeNF9ZA%3D%3D&trackingId=eMJheg7afLpAElyBd%2FAgqw%3D%3D,"North York, Ontario, Canada",https://ca.linkedin.com/company/arc10io?trk=public_jobs_jserp-result_job-search-card-subtitle
9,Full-Stack Engineer,BuildOps,https://ca.linkedin.com/jobs/view/full-stack-engineer-at-buildops-4111635156?position=10&pageNum=0&refId=xYkFTXO7D5%2FicrZ%2FeNF9ZA%3D%3D&trackingId=3AkSxbc3DM1mdFXMVj4ydw%3D%3D,"Toronto, Ontario, Canada",https://www.linkedin.com/company/buildops?trk=public_jobs_jserp-result_job-search-card-subtitle
10,Software Engineer I (Consumer Servicing),Affirm,https://ca.linkedin.com/jobs/view/software-engineer-i-consumer-servicing-at-affirm-4206873114?position=1&pageNum=2&refId=CjIlFiOk5vQayM5U3j63Zg%3D%3D&trackingId=laB04Up0z7LmE8FtzUJ3FA%3D%3D,"Oshawa, Ontario, Canada",https://www.linkedin.com/company/affirm?trk=public_jobs_jserp-result_job-search-card-subtitle
11,Java Backend Developer,CGI,https://ca.linkedin.com/jobs/view/java-backend-developer-at-cgi-4222130427?position=2&pageNum=2&refId=CjIlFiOk5vQayM5U3j63Zg%3D%3D&trackingId=8vV88y98FNFTKZdqpFkEQA%3D%3D,"Toronto, Ontario, Canada",https://ca.linkedin.com/company/cgi?trk=public_jobs_jserp-result_job-search-card-subtitle
12,Full Stack Developer (React/Python),OMERS,https://ca.linkedin.com/jobs/view/full-stack-developer-react-python-at-omers-4234932612?position=3&pageNum=2&refId=CjIlFiOk5vQayM5U3j63Zg%3D%3D&trackingId=AQPqKP%2BB%2BAa4XALswbwW4g%3D%3D,"Toronto, Ontario, Canada",https://ca.linkedin.com/company/omers?trk=public_jobs_jserp-result_job-search-card-subtitle
13,Software Engineer I (Consumer Servicing),Affirm,https://ca.linkedin.com/jobs/view/software-engineer-i-consumer-servicing-at-affirm-4206871324?position=4&pageNum=2&refId=CjIlFiOk5vQayM5U3j63Zg%3D%3D&trackingId=vO8uHOcXJ23dEigJPqMDcQ%3D%3D,"Kitchener, Ontario, Canada",https://www.linkedin.com/company/affirm?trk=public_jobs_jserp-result_job-search-card-subtitle
14,Java/JEE developer (Hybrid),Citi,https://ca.linkedin.com/jobs/view/java-jee-developer-hybrid-at-citi-4207127889?position=5&pageNum=2&refId=CjIlFiOk5vQayM5U3j63Zg%3D%3D&trackingId=Tq9cvv5UJOM7NNPyfsBoTg%3D%3D,"Mississauga, Ontario, Canada",https://www.linkedin.com/company/citi?trk=public_jobs_jserp-result_job-search-card-subtitle
15,Quality Assurance Engineer,"Agero, Inc.",https://ca.linkedin.com/jobs/view/quality-assurance-engineer-at-agero-inc-4189804092?position=6&pageNum=2&refId=CjIlFiOk5vQayM5U3j63Zg%3D%3D&trackingId=dsyfrEo8OjaktopKaw0kRg%3D%3D,"Ontario, Canada",https://www.linkedin.com/company/agero-inc-?trk=public_jobs_jserp-result_job-search-card-subtitle
16,Software and Controls Developer,General Motors,https://ca.linkedin.com/jobs/view/software-and-controls-developer-at-general-motors-4190477954?position=7&pageNum=2&refId=CjIlFiOk5vQayM5U3j63Zg%3D%3D&trackingId=J%2BEE7aZjHW9Hb9EyIZ1Sfg%3D%3D,"Oshawa, Ontario, Canada",https://www.linkedin.com/company/general-motors?trk=public_jobs_jserp-result_job-search-card-subtitle
17,Software Engineer I (Consumer Servicing),Affirm,https://ca.linkedin.com/jobs/view/software-engineer-i-consumer-servicing-at-affirm-4206867799?position=8&pageNum=2&refId=CjIlFiOk5vQayM5U3j63Zg%3D%3D&trackingId=r7uaGovThyfpHrhdIx6zNA%3D%3D,"London, Ontario, Canada",https://www.linkedin.com/company/affirm?trk=public_jobs_jserp-result_job-search-card-subtitle
18,Software Engineer I (Consumer Servicing),Affirm,https://ca.linkedin.com/jobs/view/software-engineer-i-consumer-servicing-at-affirm-4206873113?position=9&pageNum=2&refId=CjIlFiOk5vQayM5U3j63Zg%3D%3D&trackingId=nBJ8CXd4122cElV2kcL36w%3D%3D,"Hamilton, Ontario, Canada",https://www.linkedin.com/company/affirm?trk=public_jobs_jserp-result_job-search-card-subtitle
19,Java and Spark Developer,Infosys,https://ca.linkedin.com/jobs/view/java-and-spark-developer-at-infosys-4197910181?position=10&pageNum=2&refId=CjIlFiOk5vQayM5U3j63Zg%3D%3D&trackingId=6Qea5hC0jCndj3aQF1gCqA%3D%3D,"Mississauga, Ontario, Canada",https://in.linkedin.com/company/infosys?trk=public_jobs_jserp-result_job-search-card-subtitle
20,Full-Stack Developer (Ruby on Rails/React),Phoenix,https://ca.linkedin.com/jobs/view/full-stack-developer-ruby-on-rails-react-at-phoenix-4141665969?position=1&pageNum=5&refId=cdGSwDJCgLQ1jZZsvoYYWQ%3D%3D&trackingId=GIyJgyt%2FdA2DmXy6QFna1g%3D%3D,"Toronto, Ontario, Canada",https://ca.linkedin.com/company/phoenix-health-canada?trk=public_jobs_jserp-result_job-search-card-subtitle
21,Android Engineer- Telematics & Road Safety,Lyft,https://ca.linkedin.com/jobs/view/android-engineer-telematics-road-safety-at-lyft-4221772889?position=2&pageNum=5&refId=cdGSwDJCgLQ1jZZsvoYYWQ%3D%3D&trackingId=bJThU4Th5mgLbjphEb3oPw%3D%3D,"Toronto, Ontario, Canada",https://www.linkedin.com/company/lyft?trk=public_jobs_jserp-result_job-search-card-subtitle
22,AI Engineer,BMO,https://ca.linkedin.com/jobs/view/ai-engineer-at-bmo-4222105523?position=3&pageNum=5&refId=cdGSwDJCgLQ1jZZsvoYYWQ%3D%3D&trackingId=HdoSJHQqt9DPtHOSYmDmaQ%3D%3D,"Toronto, Ontario, Canada",https://ca.linkedin.com/company/bank-of-montreal?trk=public_jobs_jserp-result_job-search-card-subtitle
23,"Software Engineer, Test",OMERS,https://ca.linkedin.com/jobs/view/software-engineer-test-at-omers-4234931729?position=4&pageNum=5&refId=cdGSwDJCgLQ1jZZsvoYYWQ%3D%3D&trackingId=HJ38f36BUCFBje6pt3lCVA%3D%3D,"Toronto, Ontario, Canada",https://ca.linkedin.com/company/omers?trk=public_jobs_jserp-result_job-search-card-subtitle
24,Senior Software Engineer - Android,Lyft,https://ca.linkedin.com/jobs/view/senior-software-engineer-android-at-lyft-4145163934?position=5&pageNum=5&refId=cdGSwDJCgLQ1jZZsvoYYWQ%3D%3D&trackingId=EBNELuC2A0SfmnKDFtsfFA%3D%3D,"Toronto, Ontario, Canada",https://www.linkedin.com/company/lyft?trk=public_jobs_jserp-result_job-search-card-subtitle
25,Automation Testing,CGI,https://ca.linkedin.com/jobs/view/automation-testing-at-cgi-4221737719?position=6&pageNum=5&refId=cdGSwDJCgLQ1jZZsvoYYWQ%3D%3D&trackingId=3sSwlwsX2PHmCdGLCAiDfw%3D%3D,"Toronto, Ontario, Canada",https://ca.linkedin.com/company/cgi?trk=public_jobs_jserp-result_job-search-card-subtitle
26,Senior Software Developer - Full-stack,J.D. Power,https://ca.linkedin.com/jobs/view/senior-software-developer-full-stack-at-j-d-power-4171064968?position=7&pageNum=5&refId=cdGSwDJCgLQ1jZZsvoYYWQ%3D%3D&trackingId=3vagk2OYFIKQsfWB7Ce%2BAA%3D%3D,"London, Ontario, Canada",https://www.linkedin.com/company/jd-power-and-associates?trk=public_jobs_jserp-result_job-search-card-subtitle
27,Data Engineer,Apexon,https://ca.linkedin.com/jobs/view/data-engineer-at-apexon-4234639867?position=8&pageNum=5&refId=cdGSwDJCgLQ1jZZsvoYYWQ%3D%3D&trackingId=4zWtbdS%2BjpNBsHjhD0UtDA%3D%3D,"Toronto, Ontario, Canada",https://www.linkedin.com/company/apexon?trk=public_jobs_jserp-result_job-search-card-subtitle
28,"Senior Full-Stack Developer - Java, Spring, SQL, Angular, React",TELUS,https://ca.linkedin.com/jobs/view/senior-full-stack-developer-java-spring-sql-angular-react-at-telus-4206864193?position=9&pageNum=5&refId=cdGSwDJCgLQ1jZZsvoYYWQ%3D%3D&trackingId=8MUEkrkyL9EwdaR9Tjw2tg%3D%3D,"Toronto, Ontario, Canada",https://ca.linkedin.com/company/telus?trk=public_jobs_jserp-result_job-search-card-subtitle
29,Software Engineer-Low Level Systems,Hardboot Inc. | Human Resource Services,https://ca.linkedin.com/jobs/view/software-engineer-low-level-systems-at-hardboot-inc-human-resource-services-4234628439?position=10&pageNum=5&refId=cdGSwDJCgLQ1jZZsvoYYWQ%3D%3D&trackingId=gv%2BRaLonANtr5uiX5xROFw%3D%3D,"Markham, Ontario, Canada",https://ca.linkedin.com/company/hardboot-communications-inc-?trk=public_jobs_jserp-result_job-search-card-subtitle
30,"Senior Software Developer, Detection & Response Platform",Robinhood,https://ca.linkedin.com/jobs/view/senior-software-developer-detection-response-platform-at-robinhood-4186537695?position=1&pageNum=7&refId=Re5CJePQ5L3wXxS%2B2VIvnQ%3D%3D&trackingId=sZzz8r1BePH1OxgrhwvBuw%3D%3D,"Toronto, Ontario, Canada",https://www.linkedin.com/company/robinhood?trk=public_jobs_jserp-result_job-search-card-subtitle
31,Sr. Software Developer,OpenText,https://ca.linkedin.com/jobs/view/sr-software-developer-at-opentext-4206089377?position=2&pageNum=7&refId=Re5CJePQ5L3wXxS%2B2VIvnQ%3D%3D&trackingId=uaiiXLT44EQaeORosUzFBA%3D%3D,"Waterloo, Ontario, Canada",https://ca.linkedin.com/company/opentext?trk=public_jobs_jserp-result_job-search-card-subtitle
32,Lead Software Engineer,Ontario Health | Santé Ontario,https://ca.linkedin.com/jobs/view/lead-software-engineer-at-ontario-health-sant%C3%A9-ontario-4189848803?position=3&pageNum=7&refId=Re5CJePQ5L3wXxS%2B2VIvnQ%3D%3D&trackingId=dc9O7RZYqzrRRvZ7sZ7hpg%3D%3D,"Toronto, Ontario, Canada",https://ca.linkedin.com/company/ontariohealth?trk=public_jobs_jserp-result_job-search-card-subtitle
33,Digital Trainee Program (New Graduate): Junior Knowledge Graph Engineer (Temporary 12-months),BASF,https://ca.linkedin.com/jobs/view/digital-trainee-program-new-graduate-junior-knowledge-graph-engineer-temporary-12-months-at-basf-4220341089?position=4&pageNum=7&refId=Re5CJePQ5L3wXxS%2B2VIvnQ%3D%3D&trackingId=xOU5XsUVeGsSGtoz6BGIwg%3D%3D,"Mississauga, Ontario, Canada",https://de.linkedin.com/company/basf?trk=public_jobs_jserp-result_job-search-card-subtitle
34,Senior Java Developer,Intact,https://ca.linkedin.com/jobs/view/senior-java-developer-at-intact-4168660945?position=5&pageNum=7&refId=Re5CJePQ5L3wXxS%2B2VIvnQ%3D%3D&trackingId=Yol3vYhMyLx%2BEqI2xV3VUw%3D%3D,"Toronto, Ontario, Canada",https://ca.linkedin.com/company/intact?trk=public_jobs_jserp-result_job-search-card-subtitle
35,SDET,VySystems,https://ca.linkedin.com/jobs/view/sdet-at-vysystems-4237556009?position=6&pageNum=7&refId=Re5CJePQ5L3wXxS%2B2VIvnQ%3D%3D&trackingId=sZXP5R3%2FQ3muC29fzxokkw%3D%3D,"Toronto, Ontario, Canada",https://www.linkedin.com/company/vysystems?trk=public_jobs_jserp-result_job-search-card-subtitle
36,Application Developer - Data Governance,Citi,https://ca.linkedin.com/jobs/view/application-developer-data-governance-at-citi-4221476802?position=7&pageNum=7&refId=Re5CJePQ5L3wXxS%2B2VIvnQ%3D%3D&trackingId=ZOi3LDA1CDeDpC9lkurZeQ%3D%3D,"Mississauga, Ontario, Canada",https://www.linkedin.com/company/citi?trk=public_jobs_jserp-result_job-search-card-subtitle
37,AI ROCm Software Engineer - GPU Platforms,AMD,https://ca.linkedin.com/jobs/view/ai-rocm-software-engineer-gpu-platforms-at-amd-4206078750?position=8&pageNum=7&refId=Re5CJePQ5L3wXxS%2B2VIvnQ%3D%3D&trackingId=vhsLWQxdAgbhrORgeKhzFg%3D%3D,"Markham, Ontario, Canada",https://www.linkedin.com/company/amd?trk=public_jobs_jserp-result_job-search-card-subtitle
38,Senior Software Engineer (Network Platform Team),NetBrain Technologies Inc.,https://ca.linkedin.com/jobs/view/senior-software-engineer-network-platform-team-at-netbrain-technologies-inc-4144715316?position=9&pageNum=7&refId=Re5CJePQ5L3wXxS%2B2VIvnQ%3D%3D&trackingId=beXXQADHVgnV8BO0zWcNpA%3D%3D,"Toronto, Ontario, Canada",https://www.linkedin.com/company/netbraintech?trk=public_jobs_jserp-result_job-search-card-subtitle
39,Lead Full Stack Engineer,CYGNVS,https://ca.linkedin.com/jobs/view/lead-full-stack-engineer-at-cygnvs-4237543145?position=10&pageNum=7&refId=Re5CJePQ5L3wXxS%2B2VIvnQ%3D%3D&trackingId=W84RcyVaP7ub4OfwkcErZw%3D%3D,"Toronto, Ontario, Canada",https://www.linkedin.com/company/cygnvs?trk=public_jobs_jserp-result_job-search-card-subtitle
40,Senior Project Engineer,Hitachi Rail,https://ca.linkedin.com/jobs/view/senior-project-engineer-at-hitachi-rail-4087150398?position=1&pageNum=10&refId=CoMEW%2Fj1eGIULA%2FBMT0B3g%3D%3D&trackingId=QiTMGrbKPZH%2F%2FqWVPMevAA%3D%3D,"Mississauga, Ontario, Canada",https://uk.linkedin.com/company/hitachirail?trk=public_jobs_jserp-result_job-search-card-subtitle
41,Site Reliability Engineer,Anaplan,https://ca.linkedin.com/jobs/view/site-reliability-engineer-at-anaplan-4170641588?position=2&pageNum=10&refId=CoMEW%2Fj1eGIULA%2FBMT0B3g%3D%3D&trackingId=nWYU4UeAnPPAW5u%2Blp2M3A%3D%3D,"Ottawa, Ontario, Canada",https://www.linkedin.com/company/anaplan?trk=public_jobs_jserp-result_job-search-card-subtitle
42,Software Development Specialist,Telesat,https://ca.linkedin.com/jobs/view/software-development-specialist-at-telesat-4167879587?position=3&pageNum=10&refId=CoMEW%2Fj1eGIULA%2FBMT0B3g%3D%3D&trackingId=PZuS55GGpZeFTs24zaV7kA%3D%3D,"Ottawa, Ontario, Canada",https://ca.linkedin.com/company/telesat.com?trk=public_jobs_jserp-result_job-search-card-subtitle
43,Sr. System Engineer,Hitachi Rail,https://ca.linkedin.com/jobs/view/sr-system-engineer-at-hitachi-rail-4187513946?position=4&pageNum=10&refId=CoMEW%2Fj1eGIULA%2FBMT0B3g%3D%3D&trackingId=dMvpYHwpzZ4cJPW4EgBKVw%3D%3D,"Toronto, Ontario, Canada",https://uk.linkedin.com/company/hitachirail?trk=public_jobs_jserp-result_job-search-card-subtitle
44,Cloud Engineer,OMERS,https://ca.linkedin.com/jobs/view/cloud-engineer-at-omers-4234939034?position=5&pageNum=10&refId=CoMEW%2Fj1eGIULA%2FBMT0B3g%3D%3D&trackingId=Ckki5edrpcKc4LWEuXhKfg%3D%3D,"Toronto, Ontario, Canada",https://ca.linkedin.com/company/omers?trk=public_jobs_jserp-result_job-search-card-subtitle
45,"Senior Software Engineer, Business Process & Automation",The Voleon Group,https://ca.linkedin.com/jobs/view/senior-software-engineer-business-process-automation-at-the-voleon-group-4207884627?position=6&pageNum=10&refId=CoMEW%2Fj1eGIULA%2FBMT0B3g%3D%3D&trackingId=lMFCktHaeSsEGJ%2BrgCRiYA%3D%3D,"Toronto, Ontario, Canada",https://www.linkedin.com/company/voleon-capital-management?trk=public_jobs_jserp-result_job-search-card-subtitle
46,Machine Learning Ops (MLOps) - AI Foundation Models for Design,Autodesk,https://ca.linkedin.com/jobs/view/machine-learning-ops-mlops-ai-foundation-models-for-design-at-autodesk-4205920971?position=8&pageNum=10&refId=CoMEW%2Fj1eGIULA%2FBMT0B3g%3D%3D&trackingId=JSQR%2Bw1rcRiYoAPqEO4TLg%3D%3D,"Toronto, Ontario, Canada",https://www.linkedin.com/company/autodesk?trk=public_jobs_jserp-result_job-search-card-subtitle
47,Sr NodeJs Developer,Capgemini,https://ca.linkedin.com/jobs/view/sr-nodejs-developer-at-capgemini-4233680392?position=9&pageNum=10&refId=CoMEW%2Fj1eGIULA%2FBMT0B3g%3D%3D&trackingId=MNt%2Frs0PoRH%2FVFKNhr27nQ%3D%3D,"Toronto, Ontario, Canada",https://fr.linkedin.com/company/capgemini?trk=public_jobs_jserp-result_job-search-card-subtitle
48,Senior Software Engineer - Apache Kafka,Confluent,https://ca.linkedin.com/jobs/view/senior-software-engineer-apache-kafka-at-confluent-4185694859?position=10&pageNum=10&refId=CoMEW%2Fj1eGIULA%2FBMT0B3g%3D%3D&trackingId=QIEG8UnLXYUvgAvA3QruuQ%3D%3D,"Ontario, Canada",https://www.linkedin.com/company/confluent?trk=public_jobs_jserp-result_job-search-card-subtitle
49,"Senior Staff Software Engineer, Advertiser Growth","Reddit, Inc.",https://ca.linkedin.com/jobs/view/senior-staff-software-engineer-advertiser-growth-at-reddit-inc-4187575996?position=1&pageNum=12&refId=NYyiLvkw5B2F3KgZyUlrXQ%3D%3D&trackingId=H5Mcv8C11wOWAg2gS%2FYEPQ%3D%3D,"Ontario, Canada",https://www.linkedin.com/company/reddit-com?trk=public_jobs_jserp-result_job-search-card-subtitle
50,"Specialist, Software Engineering (Sitecore)",Canada Mortgage and Housing Corporation (CMHC) Société canadienne d'hypothèques et de logement(SCHL),https://ca.linkedin.com/jobs/view/specialist-software-engineering-sitecore-at-canada-mortgage-and-housing-corporation-cmhc-soci%C3%A9t%C3%A9-canadienne-d-hypoth%C3%A8ques-et-de-logement-schl-4204709522?position=2&pageNum=12&refId=NYyiLvkw5B2F3KgZyUlrXQ%3D%3D&trackingId=Dbw9iem2L0hPNdovEqHpmA%3D%3D,"Ottawa, Ontario, Canada",https://ca.linkedin.com/company/canada-mortgage-and-housing-corporation?trk=public_jobs_jserp-result_job-search-card-subtitle
51,Aerospace Engineering Technical Lead,Aviya Aerospace Systems,https://ca.linkedin.com/jobs/view/aerospace-engineering-technical-lead-at-aviya-aerospace-systems-4237101019?position=3&pageNum=12&refId=NYyiLvkw5B2F3KgZyUlrXQ%3D%3D&trackingId=fNpnBjcAa7TCBEyW0CtJXA%3D%3D,"Mississauga, Ontario, Canada",https://ca.linkedin.com/company/aviya-technologies-inc?trk=public_jobs_jserp-result_job-search-card-subtitle
52,Staff GPU Compiler Performance Engineer,Qualcomm,https://ca.linkedin.com/jobs/view/staff-gpu-compiler-performance-engineer-at-qualcomm-4187060189?position=4&pageNum=12&refId=NYyiLvkw5B2F3KgZyUlrXQ%3D%3D&trackingId=poy9kJyuFBGErGOIm4oeEA%3D%3D,"Toronto, Ontario, Canada",https://www.linkedin.com/company/qualcomm?trk=public_jobs_jserp-result_job-search-card-subtitle
53,ServiceNow Developer,OMERS,https://ca.linkedin.com/jobs/view/servicenow-developer-at-omers-4234933579?position=5&pageNum=12&refId=NYyiLvkw5B2F3KgZyUlrXQ%3D%3D&trackingId=v87k%2FASYxtn8FIoxw3bsRg%3D%3D,"Toronto, Ontario, Canada",https://ca.linkedin.com/company/omers?trk=public_jobs_jserp-result_job-search-card-subtitle
54,Python Tech Lead –Hybrid,W3Global,https://ca.linkedin.com/jobs/view/python-tech-lead-%E2%80%93hybrid-at-w3global-4206841472?position=6&pageNum=12&refId=NYyiLvkw5B2F3KgZyUlrXQ%3D%3D&trackingId=AtgZyLEdmVknapHG%2BxcPww%3D%3D,"Brampton, Ontario, Canada",https://www.linkedin.com/company/w3global?trk=public_jobs_jserp-result_job-search-card-subtitle
55,Lead Full Stack - Salesforce Developer - (Hybrid - Toronto),Capco,https://ca.linkedin.com/jobs/view/lead-full-stack-salesforce-developer-hybrid-toronto-at-capco-4207815914?position=7&pageNum=12&refId=NYyiLvkw5B2F3KgZyUlrXQ%3D%3D&trackingId=sMe0TlIzDW%2Byox242g4wag%3D%3D,"Toronto, Ontario, Canada",https://uk.linkedin.com/company/capco?trk=public_jobs_jserp-result_job-search-card-subtitle
56,"AI Engineer, Cons/ Sr Cons",Avanade,https://ca.linkedin.com/jobs/view/ai-engineer-cons-sr-cons-at-avanade-4150918058?position=8&pageNum=12&refId=NYyiLvkw5B2F3KgZyUlrXQ%3D%3D&trackingId=NK5xmNOcVDi80muYMp8Iww%3D%3D,"Ottawa, Ontario, Canada",https://www.linkedin.com/company/avanade?trk=public_jobs_jserp-result_job-search-card-subtitle
57,Senior Software Engineer (Online Storage),Affirm,https://ca.linkedin.com/jobs/view/senior-software-engineer-online-storage-at-affirm-4166592482?position=9&pageNum=12&refId=NYyiLvkw5B2F3KgZyUlrXQ%3D%3D&trackingId=0i0AiiKBN%2BkuqC%2FVPPHtuw%3D%3D,"Hamilton, Ontario, Canada",https://www.linkedin.com/company/affirm?trk=public_jobs_jserp-result_job-search-card-subtitle
58,Azure Data Engineer,Galent,https://ca.linkedin.com/jobs/view/azure-data-engineer-at-galent-4234584986?position=10&pageNum=12&refId=NYyiLvkw5B2F3KgZyUlrXQ%3D%3D&trackingId=Jct9XJs0gV2TbSu1mmBNDQ%3D%3D,"Toronto, Ontario, Canada",https://www.linkedin.com/company/galenthq?trk=public_jobs_jserp-result_job-search-card-subtitle
59,Senior Software Systems Engineer (9796),Extreme Networks,https://ca.linkedin.com/jobs/view/senior-software-systems-engineer-9796-at-extreme-networks-4221778812?position=1&pageNum=15&refId=PykLx8FEQipkgXAwEQl6iw%3D%3D&trackingId=yYSeB5CdIraTNqD%2FG%2B83qw%3D%3D,Canada,https://www.linkedin.com/company/extreme-networks?trk=public_jobs_jserp-result_job-search-card-subtitle
60,IVVQ Test Specialist,Thales,https://ca.linkedin.com/jobs/view/ivvq-test-specialist-at-thales-4189865597?position=2&pageNum=15&refId=PykLx8FEQipkgXAwEQl6iw%3D%3D&trackingId=DgNBc7r%2BIcx1udJmAUNVvw%3D%3D,"Ottawa, Ontario, Canada",https://fr.linkedin.com/company/thales?trk=public_jobs_jserp-result_job-search-card-subtitle
61,"Specialist, Software Engineering (Microsoft Dynamics 365 CRM)",Canada Mortgage and Housing Corporation (CMHC) Société canadienne d'hypothèques et de logement(SCHL),https://ca.linkedin.com/jobs/view/specialist-software-engineering-microsoft-dynamics-365-crm-at-canada-mortgage-and-housing-corporation-cmhc-soci%C3%A9t%C3%A9-canadienne-d-hypoth%C3%A8ques-et-de-logement-schl-4204708641?position=3&pageNum=15&refId=PykLx8FEQipkgXAwEQl6iw%3D%3D&trackingId=vsb5UCDAvbYh1qZa0hWHXw%3D%3D,"Toronto, Ontario, Canada",https://ca.linkedin.com/company/canada-mortgage-and-housing-corporation?trk=public_jobs_jserp-result_job-search-card-subtitle
62,"Principal Associate, Software Engineer",Capital One,https://ca.linkedin.com/jobs/view/principal-associate-software-engineer-at-capital-one-4205838000?position=4&pageNum=15&refId=PykLx8FEQipkgXAwEQl6iw%3D%3D&trackingId=18yxNqqI52F%2BhL7Z4Mh1iA%3D%3D,"Toronto, Ontario, Canada",https://www.linkedin.com/company/capital-one?trk=public_jobs_jserp-result_job-search-card-subtitle
63,Site Reliability Engineer (16-month Fixed Term Contract),Oxford Properties Group,https://ca.linkedin.com/jobs/view/site-reliability-engineer-16-month-fixed-term-contract-at-oxford-properties-group-4234933576?position=5&pageNum=15&refId=PykLx8FEQipkgXAwEQl6iw%3D%3D&trackingId=hZ2WFUBGK1lPy4dX2eCsjw%3D%3D,"Toronto, Ontario, Canada",https://ca.linkedin.com/company/oxford-properties-group?trk=public_jobs_jserp-result_job-search-card-subtitle
64,Senior DevOps Engineer (AWS - Python/Bash) - Remote,Revvity Signals,https://ca.linkedin.com/jobs/view/senior-devops-engineer-aws-python-bash-remote-at-revvity-signals-4190714877?position=6&pageNum=15&refId=PykLx8FEQipkgXAwEQl6iw%3D%3D&trackingId=87RIq3MUb1QS7DC9Xax3cw%3D%3D,"Ontario, Canada",https://www.linkedin.com/company/revvity-signals?trk=public_jobs_jserp-result_job-search-card-subtitle
65,Spark Scala Developer,Infosys,https://ca.linkedin.com/jobs/view/spark-scala-developer-at-infosys-4220224561?position=7&pageNum=15&refId=PykLx8FEQipkgXAwEQl6iw%3D%3D&trackingId=Oh%2B3hbduIbxmKpHYC29rLg%3D%3D,"Mississauga, Ontario, Canada",https://in.linkedin.com/company/infosys?trk=public_jobs_jserp-result_job-search-card-subtitle
66,Senior AI Engineer (Mississauga),Synopsys Inc,https://ca.linkedin.com/jobs/view/senior-ai-engineer-mississauga-at-synopsys-inc-4122077666?position=8&pageNum=15&refId=PykLx8FEQipkgXAwEQl6iw%3D%3D&trackingId=L08tRD%2Bl8zh88ZTfNZupiQ%3D%3D,"Mississauga, Ontario, Canada",https://www.linkedin.com/company/synopsys?trk=public_jobs_jserp-result_job-search-card-subtitle
67,"Lead Software Engineer, Delivery Platform",Serve Robotics,https://ca.linkedin.com/jobs/view/lead-software-engineer-delivery-platform-at-serve-robotics-4141142505?position=9&pageNum=15&refId=PykLx8FEQipkgXAwEQl6iw%3D%3D&trackingId=FGLv2fww3Tul8n048uem1w%3D%3D,"Toronto, Ontario, Canada",https://www.linkedin.com/company/serverobotics?trk=public_jobs_jserp-result_job-search-card-subtitle
68,Senior Technical Leader - Embedded Software,Cisco,https://ca.linkedin.com/jobs/view/senior-technical-leader-embedded-software-at-cisco-4145173290?position=10&pageNum=15&refId=PykLx8FEQipkgXAwEQl6iw%3D%3D&trackingId=wTwcPNJ3ChuaIew1m880ow%3D%3D,"Kanata, Ontario, Canada",https://www.linkedin.com/company/cisco?trk=public_jobs_jserp-result_job-search-card-subtitle
69,Senior Drupal Developer,Infosys,https://ca.linkedin.com/jobs/view/senior-drupal-developer-at-infosys-4206295087?position=1&pageNum=17&refId=1H54UVpIbnrNoO3UpOvmHg%3D%3D&trackingId=oVG8uaFbFe702fxwkHkKfQ%3D%3D,"Ottawa, Ontario, Canada",https://in.linkedin.com/company/infosys?trk=public_jobs_jserp-result_job-search-card-subtitle
70,Senior Data Scientist - Retailer,Faire,https://ca.linkedin.com/jobs/view/senior-data-scientist-retailer-at-faire-4206276637?position=2&pageNum=17&refId=1H54UVpIbnrNoO3UpOvmHg%3D%3D&trackingId=0YjeJjRhkaIMUeP10gVaTw%3D%3D,"Toronto, Ontario, Canada",https://www.linkedin.com/company/fairewholesale?trk=public_jobs_jserp-result_job-search-card-subtitle
71,Lead Data Engineer - Remote,Jobot,https://ca.linkedin.com/jobs/view/lead-data-engineer-remote-at-jobot-4234149844?position=3&pageNum=17&refId=1H54UVpIbnrNoO3UpOvmHg%3D%3D&trackingId=73xbdgFWiWwLIVeXW9jxng%3D%3D,"Toronto, Ontario, Canada",https://www.linkedin.com/company/jobot?trk=public_jobs_jserp-result_job-search-card-subtitle
72,Principal Data Engineer,Autodesk,https://ca.linkedin.com/jobs/view/principal-data-engineer-at-autodesk-4187020123?position=4&pageNum=17&refId=1H54UVpIbnrNoO3UpOvmHg%3D%3D&trackingId=2SiUhhP9FhnAYFn552EaRA%3D%3D,"Toronto, Ontario, Canada",https://www.linkedin.com/company/autodesk?trk=public_jobs_jserp-result_job-search-card-subtitle
73,"Senior Research Scientist (Foundational Research, Machine Learning)",Thomson Reuters,https://ca.linkedin.com/jobs/view/senior-research-scientist-foundational-research-machine-learning-at-thomson-reuters-4067133114?position=5&pageNum=17&refId=1H54UVpIbnrNoO3UpOvmHg%3D%3D&trackingId=rFQz0gbSRv%2BYVVFCk7jaIQ%3D%3D,"Toronto, Ontario, Canada",https://ca.linkedin.com/company/thomson-reuters?trk=public_jobs_jserp-result_job-search-card-subtitle
74,"Director - Data Engineer, Wealth Management",Scotiabank,https://ca.linkedin.com/jobs/view/director-data-engineer-wealth-management-at-scotiabank-4206213945?position=6&pageNum=17&refId=1H54UVpIbnrNoO3UpOvmHg%3D%3D&trackingId=ExENDrYjTcfrM8TRwYx1rg%3D%3D,"Toronto, Ontario, Canada",https://ca.linkedin.com/company/scotiabank?trk=public_jobs_jserp-result_job-search-card-subtitle
75,Ingénieur en logiciels II,TD,https://ca.linkedin.com/jobs/view/ing%C3%A9nieur-en-logiciels-ii-at-td-4210000555?position=7&pageNum=17&refId=1H54UVpIbnrNoO3UpOvmHg%3D%3D&trackingId=D4jiiUzwn%2FAXd3lShaAW3w%3D%3D,"Toronto, Ontario, Canada",https://ca.linkedin.com/company/td?trk=public_jobs_jserp-result_job-search-card-subtitle
76,Network Management System Developer,Telesat,https://ca.linkedin.com/jobs/view/network-management-system-developer-at-telesat-4208230469?position=8&pageNum=17&refId=1H54UVpIbnrNoO3UpOvmHg%3D%3D&trackingId=jYRx%2FJUqaNtswcj3AAwkFQ%3D%3D,"Ottawa, Ontario, Canada",https://ca.linkedin.com/company/telesat.com?trk=public_jobs_jserp-result_job-search-card-subtitle
77,"Senior Specialist, Software Engineering (Microsoft Dynamics 365 CRM)",Canada Mortgage and Housing Corporation (CMHC) Société canadienne d'hypothèques et de logement(SCHL),https://ca.linkedin.com/jobs/view/senior-specialist-software-engineering-microsoft-dynamics-365-crm-at-canada-mortgage-and-housing-corporation-cmhc-soci%C3%A9t%C3%A9-canadienne-d-hypoth%C3%A8ques-et-de-logement-schl-4204709519?position=9&pageNum=17&refId=1H54UVpIbnrNoO3UpOvmHg%3D%3D&trackingId=kZnxkewMpkrms5M4%2B3CWww%3D%3D,"Toronto, Ontario, Canada",https://ca.linkedin.com/company/canada-mortgage-and-housing-corporation?trk=public_jobs_jserp-result_job-search-card-subtitle
78,Senior Machine Learning Engineer,BuildOps,https://ca.linkedin.com/jobs/view/senior-machine-learning-engineer-at-buildops-4221611201?position=10&pageNum=17&refId=1H54UVpIbnrNoO3UpOvmHg%3D%3D&trackingId=yslSjecr3ovF9qhLcMb2zQ%3D%3D,"Toronto, Ontario, Canada",https://www.linkedin.com/company/buildops?trk=public_jobs_jserp-result_job-search-card-subtitle
79,"Principal Software Engineer, Traffic Management",Affirm,https://ca.linkedin.com/jobs/view/principal-software-engineer-traffic-management-at-affirm-4168736457?position=1&pageNum=20&refId=SlL7RdouZK9l9%2B2kCQ66FQ%3D%3D&trackingId=t35SjUw1tlQs0YpkHbGOSg%3D%3D,"Hamilton, Ontario, Canada",https://www.linkedin.com/company/affirm?trk=public_jobs_jserp-result_job-search-card-subtitle
80,"Principal Software Engineer, Traffic Management",Affirm,https://ca.linkedin.com/jobs/view/principal-software-engineer-traffic-management-at-affirm-4168736458?position=2&pageNum=20&refId=SlL7RdouZK9l9%2B2kCQ66FQ%3D%3D&trackingId=a29Jsz4E4xhrWrECOK1hSw%3D%3D,"Oshawa, Ontario, Canada",https://www.linkedin.com/company/affirm?trk=public_jobs_jserp-result_job-search-card-subtitle
81,Associate Hardware Scientist (Mass Spec – Ion Traps),SCIEX,https://ca.linkedin.com/jobs/view/associate-hardware-scientist-mass-spec-%E2%80%93-ion-traps-at-sciex-4169680829?position=3&pageNum=20&refId=SlL7RdouZK9l9%2B2kCQ66FQ%3D%3D&trackingId=DEJFVRUyozlpbKFQaKVvag%3D%3D,"Ontario, Canada",https://www.linkedin.com/company/sciex?trk=public_jobs_jserp-result_job-search-card-subtitle
82,Associate Hardware Scientist (Mass Spec – Ion Traps),SCIEX,https://ca.linkedin.com/jobs/view/associate-hardware-scientist-mass-spec-%E2%80%93-ion-traps-at-sciex-4169682577?position=4&pageNum=20&refId=SlL7RdouZK9l9%2B2kCQ66FQ%3D%3D&trackingId=OJvyCYbO5z8FfWj0m3RKqg%3D%3D,"Guelph, Ontario, Canada",https://www.linkedin.com/company/sciex?trk=public_jobs_jserp-result_job-search-card-subtitle
83,"Principal Software Engineer, Traffic Management",Affirm,https://ca.linkedin.com/jobs/view/principal-software-engineer-traffic-management-at-affirm-4168739126?position=5&pageNum=20&refId=SlL7RdouZK9l9%2B2kCQ66FQ%3D%3D&trackingId=ydPI%2Fj8gGyvfh%2FrYS47NpQ%3D%3D,"Toronto, Ontario, Canada",https://www.linkedin.com/company/affirm?trk=public_jobs_jserp-result_job-search-card-subtitle
84,Senior Infrastructure Engineer - Specialist Devices,Department for Work and Pensions (DWP),https://ca.linkedin.com/jobs/view/senior-infrastructure-engineer-specialist-devices-at-department-for-work-and-pensions-dwp-4234681278?position=6&pageNum=20&refId=SlL7RdouZK9l9%2B2kCQ66FQ%3D%3D&trackingId=CYpF%2B772iH3zPg%2FSj9fOAg%3D%3D,"Manchester, Ontario, Canada",https://uk.linkedin.com/company/dwp?trk=public_jobs_jserp-result_job-search-card-subtitle
85,"Specialist, Software Engineering (SAP SuccessFactors)",Canada Mortgage and Housing Corporation (CMHC) Société canadienne d'hypothèques et de logement(SCHL),https://ca.linkedin.com/jobs/view/specialist-software-engineering-sap-successfactors-at-canada-mortgage-and-housing-corporation-cmhc-soci%C3%A9t%C3%A9-canadienne-d-hypoth%C3%A8ques-et-de-logement-schl-4204710395?position=7&pageNum=20&refId=SlL7RdouZK9l9%2B2kCQ66FQ%3D%3D&trackingId=9HGVoOM7iE4396nORNmZOA%3D%3D,"Ottawa, Ontario, Canada",https://ca.linkedin.com/company/canada-mortgage-and-housing-corporation?trk=public_jobs_jserp-result_job-search-card-subtitle
86,"Principal Software Engineer, Traffic Management",Affirm,https://ca.linkedin.com/jobs/view/principal-software-engineer-traffic-management-at-affirm-4168735648?position=8&pageNum=20&refId=SlL7RdouZK9l9%2B2kCQ66FQ%3D%3D&trackingId=wsjBT0bWiMDxqA%2Bu4EQ2lw%3D%3D,"Windsor, Ontario, Canada",https://www.linkedin.com/company/affirm?trk=public_jobs_jserp-result_job-search-card-subtitle
87,"Principal Software Engineer, Traffic Management",Affirm,https://ca.linkedin.com/jobs/view/principal-software-engineer-traffic-management-at-affirm-4168737304?position=9&pageNum=20&refId=SlL7RdouZK9l9%2B2kCQ66FQ%3D%3D&trackingId=Bdl8MRaPKv6posrJttTJDA%3D%3D,"Kitchener, Ontario, Canada",https://www.linkedin.com/company/affirm?trk=public_jobs_jserp-result_job-search-card-subtitle
88,Associate Hardware Scientist (Mass Spec – Ion Traps),SCIEX,https://ca.linkedin.com/jobs/view/associate-hardware-scientist-mass-spec-%E2%80%93-ion-traps-at-sciex-4169678893?position=10&pageNum=20&refId=SlL7RdouZK9l9%2B2kCQ66FQ%3D%3D&trackingId=6CMpeSGdlCT%2BeFZEEK7GYQ%3D%3D,"Mississauga, Ontario, Canada",https://www.linkedin.com/company/sciex?trk=public_jobs_jserp-result_job-search-card-subtitle
89,Senior Member of Technical Staff - Sys - CD1,Wind River,https://ca.linkedin.com/jobs/view/senior-member-of-technical-staff-sys-cd1-at-wind-river-4165614115?position=1&pageNum=22&refId=oDltJdbxkKwl%2BVKuJhsVgw%3D%3D&trackingId=5RcxKhH6p4SJCSQARiOH4w%3D%3D,"Kanata, Ontario, Canada",https://www.linkedin.com/company/wind-river?trk=public_jobs_jserp-result_job-search-card-subtitle
90,AWS/ ETRM Architect,EY,https://ca.linkedin.com/jobs/view/aws-etrm-architect-at-ey-4220233367?position=2&pageNum=22&refId=oDltJdbxkKwl%2BVKuJhsVgw%3D%3D&trackingId=u9xpUGQ6PEH5IjYmA%2FnEXA%3D%3D,"Ottawa, Ontario, Canada",https://uk.linkedin.com/company/ernstandyoung?trk=public_jobs_jserp-result_job-search-card-subtitle
91,Senior Infrastructure Engineer for Mobile Device Services,Department for Work and Pensions (DWP),https://ca.linkedin.com/jobs/view/senior-infrastructure-engineer-for-mobile-device-services-at-department-for-work-and-pensions-dwp-4234678823?position=3&pageNum=22&refId=oDltJdbxkKwl%2BVKuJhsVgw%3D%3D&trackingId=1JxwKqRokSPxGbzXqyJgug%3D%3D,"Manchester, Ontario, Canada",https://uk.linkedin.com/company/dwp?trk=public_jobs_jserp-result_job-search-card-subtitle
92,"Technical Engineer, PACS Data Migration (3-8 Years' Experience)",Sectra,https://ca.linkedin.com/jobs/view/technical-engineer-pacs-data-migration-3-8-years-experience-at-sectra-4189805097?position=4&pageNum=22&refId=oDltJdbxkKwl%2BVKuJhsVgw%3D%3D&trackingId=cMXJ8V0nSttAlG%2FahNXzIw%3D%3D,"Mississauga, Ontario, Canada",https://se.linkedin.com/company/sectra?trk=public_jobs_jserp-result_job-search-card-subtitle
93,"Principal Software Engineer, Traffic Management",Affirm,https://ca.linkedin.com/jobs/view/principal-software-engineer-traffic-management-at-affirm-4168737305?position=5&pageNum=22&refId=oDltJdbxkKwl%2BVKuJhsVgw%3D%3D&trackingId=K6fPrCkHjo2zKyVBf1qI1w%3D%3D,"London, Ontario, Canada",https://www.linkedin.com/company/affirm?trk=public_jobs_jserp-result_job-search-card-subtitle
94,AWS/ ETRM Architect,EY,https://ca.linkedin.com/jobs/view/aws-etrm-architect-at-ey-4220231940?position=6&pageNum=22&refId=oDltJdbxkKwl%2BVKuJhsVgw%3D%3D&trackingId=T6zS8S7%2FZDI27N7jNZB4lg%3D%3D,"London, Ontario, Canada",https://uk.linkedin.com/company/ernstandyoung?trk=public_jobs_jserp-result_job-search-card-subtitle
95,"Lead, Systems Management (Hybrid)",Broadridge,https://ca.linkedin.com/jobs/view/lead-systems-management-hybrid-at-broadridge-4222198912?position=7&pageNum=22&refId=oDltJdbxkKwl%2BVKuJhsVgw%3D%3D&trackingId=Gfbk9KAtu%2FJKHy4VRW0dwA%3D%3D,"Toronto, Ontario, Canada",https://www.linkedin.com/company/broadridge-financial-solutions?trk=public_jobs_jserp-result_job-search-card-subtitle
96,Développeur logiciel principal_fr,Intact,https://ca.linkedin.com/jobs/view/d%C3%A9veloppeur-logiciel-principal-fr-at-intact-4165635788?position=8&pageNum=22&refId=oDltJdbxkKwl%2BVKuJhsVgw%3D%3D&trackingId=DEgctCwNTc%2BHRLgm5WQaFg%3D%3D,"Toronto, Ontario, Canada",https://ca.linkedin.com/company/intact?trk=public_jobs_jserp-result_job-search-card-subtitle
97,Remote Coding Expertise for AI Training (Ukrainian),Outlier,https://ca.linkedin.com/jobs/view/remote-coding-expertise-for-ai-training-ukrainian-at-outlier-4220099960?position=9&pageNum=22&refId=oDltJdbxkKwl%2BVKuJhsVgw%3D%3D&trackingId=m6%2BzWkFXjmPPDIp2pFpJBA%3D%3D,"Toronto, Ontario, Canada",https://www.linkedin.com/company/try-outlier?trk=public_jobs_jserp-result_job-search-card-subtitle
98,Principal Enterprise Architect,OMERS,https://ca.linkedin.com/jobs/view/principal-enterprise-architect-at-omers-4234937236?position=10&pageNum=22&refId=oDltJdbxkKwl%2BVKuJhsVgw%3D%3D&trackingId=i%2B3%2F8n6lnjyemhnxssA1PQ%3D%3D,"Toronto, Ontario, Canada",https://ca.linkedin.com/company/omers?trk=public_jobs_jserp-result_job-search-card-subtitle
99,Senior Staff Technical Program Manager,Warner Bros. Discovery,https://ca.linkedin.com/jobs/view/senior-staff-technical-program-manager-at-warner-bros-discovery-4189697440?position=1&pageNum=25&refId=rg2tJS5gOIMzUkEzKqs3yQ%3D%3D&trackingId=bP%2F4LW%2BNcJCU9L6D7SEFcQ%3D%3D,"Kanata, Ontario, Canada",https://www.linkedin.com/company/warner-bros-discovery?trk=public_jobs_jserp-result_job-search-card-subtitle
100,CFAA Fire Alarm Inspector (Union) - Programmer,Johnson Controls,https://ca.linkedin.com/jobs/view/cfaa-fire-alarm-inspector-union-programmer-at-johnson-controls-4234149654?position=2&pageNum=25&refId=rg2tJS5gOIMzUkEzKqs3yQ%3D%3D&trackingId=rmJM4LVQ508rIJ0D5PXRuQ%3D%3D,"Hamilton, Ontario, Canada",https://ie.linkedin.com/company/johnson-controls?trk=public_jobs_jserp-result_job-search-card-subtitle
101,Maintenance Planner,Riverside Natural Foods Ltd. (Home of MadeGood),https://ca.linkedin.com/jobs/view/maintenance-planner-at-riverside-natural-foods-ltd-home-of-madegood-4221385015?position=3&pageNum=25&refId=rg2tJS5gOIMzUkEzKqs3yQ%3D%3D&trackingId=vgZNPPUbXZcErcs3Bq4BBg%3D%3D,"Vaughan, Ontario, Canada",https://ca.linkedin.com/company/riverside-natural-foods-ltd-?trk=public_jobs_jserp-result_job-search-card-subtitle
102,Senior Construction Manager,WSP in Canada,https://ca.linkedin.com/jobs/view/senior-construction-manager-at-wsp-in-canada-4207198690?position=4&pageNum=25&refId=rg2tJS5gOIMzUkEzKqs3yQ%3D%3D&trackingId=v5nfmpeBqrCIzM9lnhIkPQ%3D%3D,"Ontario, Canada",https://ca.linkedin.com/company/wsp-in-canada?trk=public_jobs_jserp-result_job-search-card-subtitle
103,"Data Engineer, Data Integration & Performance Platform",OMERS,https://ca.linkedin.com/jobs/view/data-engineer-data-integration-performance-platform-at-omers-4234938145?position=5&pageNum=25&refId=rg2tJS5gOIMzUkEzKqs3yQ%3D%3D&trackingId=h6mcyAxxFKnkOHAlDDRrLg%3D%3D,"Toronto, Ontario, Canada",https://ca.linkedin.com/company/omers?trk=public_jobs_jserp-result_job-search-card-subtitle
104,"Microsoft Teams Full Stack Developer (Teams SDK/Tabs, AI Chatbot, Python, AWS/Azure) – HYBRID 6M (1727)",Direct IT Recruiting Inc.,https://ca.linkedin.com/jobs/view/microsoft-teams-full-stack-developer-teams-sdk-tabs-ai-chatbot-python-aws-azure-%E2%80%93-hybrid-6m-1727-at-direct-it-recruiting-inc-4233088132?position=6&pageNum=25&refId=rg2tJS5gOIMzUkEzKqs3yQ%3D%3D&trackingId=dm8JlmKQQulK5%2FYFVdj%2BDA%3D%3D,"Toronto, Ontario, Canada",https://ca.linkedin.com/company/direct-it-recruiting-inc?trk=public_jobs_jserp-result_job-search-card-subtitle
105,Front-End Developer,Interac Corp.,https://ca.linkedin.com/jobs/view/front-end-developer-at-interac-corp-4207101268?position=1&pageNum=0&refId=Xf0VdB8Gt44e0Etp13JOjA%3D%3D&trackingId=1rfA1k%2Bub%2BMQjd9U%2BGCuIQ%3D%3D,"Toronto, Ontario, Canada",https://ca.linkedin.com/company/interac-corp?trk=public_jobs_jserp-result_job-search-card-subtitle
106,Developer,Scotiabank,https://ca.linkedin.com/jobs/view/developer-at-scotiabank-4234605586?position=2&pageNum=0&refId=Xf0VdB8Gt44e0Etp13JOjA%3D%3D&trackingId=5x8tyRaM%2BeKB5JJpr6b9bA%3D%3D,"Toronto, Ontario, Canada",https://ca.linkedin.com/company/scotiabank?trk=public_jobs_jserp-result_job-search-card-subtitle
107,Junior Software Developer,Queen's Student Alumni Association,https://ca.linkedin.com/jobs/view/junior-software-developer-at-queen-s-student-alumni-association-4234936466?position=3&pageNum=0&refId=Xf0VdB8Gt44e0Etp13JOjA%3D%3D&trackingId=9dXRI4r26Ip6MGhg40yXkA%3D%3D,"Kingston, Ontario, Canada",https://ca.linkedin.com/company/queens-student-alumni-association?trk=public_jobs_jserp-result_job-search-card-subtitle
108,Frontend Engineer - Onboarding,BitGo,https://ca.linkedin.com/jobs/view/frontend-engineer-onboarding-at-bitgo-4221483092?position=4&pageNum=0&refId=Xf0VdB8Gt44e0Etp13JOjA%3D%3D&trackingId=VLxhy3z0lpbFduM3zSs3tw%3D%3D,"Toronto, Ontario, Canada",https://www.linkedin.com/company/bitgo?trk=public_jobs_jserp-result_job-search-card-subtitle
109,"Front-End Engineer, GenAI, Amazon",Amazon,https://ca.linkedin.com/jobs/view/front-end-engineer-genai-amazon-at-amazon-4170230072?position=5&pageNum=0&refId=Xf0VdB8Gt44e0Etp13JOjA%3D%3D&trackingId=XCYpBadZDK0OibHi6Q1gTA%3D%3D,"Toronto, Ontario, Canada",https://www.linkedin.com/company/amazon?trk=public_jobs_jserp-result_job-search-card-subtitle
110,Software Engineer Intern (Fall 2025),Zip,https://ca.linkedin.com/jobs/view/software-engineer-intern-fall-2025-at-zip-4190720277?position=6&pageNum=0&refId=Xf0VdB8Gt44e0Etp13JOjA%3D%3D&trackingId=r2IGwnM4W11pwDywphgbLg%3D%3D,"Toronto, Ontario, Canada",https://www.linkedin.com/company/theziphq?trk=public_jobs_jserp-result_job-search-card-subtitle
111,software developer,Arc10 Technologies Inc.,https://ca.linkedin.com/jobs/view/software-developer-at-arc10-technologies-inc-4237359611?position=7&pageNum=0&refId=Xf0VdB8Gt44e0Etp13JOjA%3D%3D&trackingId=QMJUbBRNM3U2%2FBScyHnXrA%3D%3D,"North York, Ontario, Canada",https://ca.linkedin.com/company/arc10io?trk=public_jobs_jserp-result_job-search-card-subtitle
112,Software Engineer - Full Stack and Back End,Citi,https://ca.linkedin.com/jobs/view/software-engineer-full-stack-and-back-end-at-citi-4169034781?position=8&pageNum=0&refId=Xf0VdB8Gt44e0Etp13JOjA%3D%3D&trackingId=5O20Gax3KGsZe5vN%2FLyFTw%3D%3D,"Mississauga, Ontario, Canada",https://www.linkedin.com/company/citi?trk=public_jobs_jserp-result_job-search-card-subtitle
113,"Software Engineer, Android - Mapping",Lyft,https://ca.linkedin.com/jobs/view/software-engineer-android-mapping-at-lyft-4170162773?position=9&pageNum=0&refId=Xf0VdB8Gt44e0Etp13JOjA%3D%3D&trackingId=efM2iqJwyY7qvvjj%2B%2FPcVQ%3D%3D,"Toronto, Ontario, Canada",https://www.linkedin.com/company/lyft?trk=public_jobs_jserp-result_job-search-card-subtitle
114,"Software Development Engineer, GenAI",Amazon,https://ca.linkedin.com/jobs/view/software-development-engineer-genai-at-amazon-4170222953?position=10&pageNum=0&refId=Xf0VdB8Gt44e0Etp13JOjA%3D%3D&trackingId=cMYDEn%2FJGZ1d%2FWfI1mjhlw%3D%3D,"Toronto, Ontario, Canada",https://www.linkedin.com/company/amazon?trk=public_jobs_jserp-result_job-search-card-subtitle
115,Software Engineer I (Consumer Servicing),Affirm,https://ca.linkedin.com/jobs/view/software-engineer-i-consumer-servicing-at-affirm-4206867799?position=1&pageNum=2&refId=u%2FSfnXkRkPaTKGlRYtz7mQ%3D%3D&trackingId=CW%2FhYcBnWX0Ux98Mku25Fw%3D%3D,"London, Ontario, Canada",https://www.linkedin.com/company/affirm?trk=public_jobs_jserp-result_job-search-card-subtitle
116,Software Engineer I (Consumer Servicing),Affirm,https://ca.linkedin.com/jobs/view/software-engineer-i-consumer-servicing-at-affirm-4206873113?position=2&pageNum=2&refId=u%2FSfnXkRkPaTKGlRYtz7mQ%3D%3D&trackingId=QFwlcb9rAkeTYxKpqCuObw%3D%3D,"Hamilton, Ontario, Canada",https://www.linkedin.com/company/affirm?trk=public_jobs_jserp-result_job-search-card-subtitle
117,Java/JEE developer (Hybrid),Citi,https://ca.linkedin.com/jobs/view/java-jee-developer-hybrid-at-citi-4207127889?position=3&pageNum=2&refId=u%2FSfnXkRkPaTKGlRYtz7mQ%3D%3D&trackingId=YqAPV6roYXmoQ16jN9i94g%3D%3D,"Mississauga, Ontario, Canada",https://www.linkedin.com/company/citi?trk=public_jobs_jserp-result_job-search-card-subtitle
118,"Software Developer, React Native",Clio - Cloud-Based Legal Technology,https://ca.linkedin.com/jobs/view/software-developer-react-native-at-clio-cloud-based-legal-technology-4166591679?position=4&pageNum=2&refId=u%2FSfnXkRkPaTKGlRYtz7mQ%3D%3D&trackingId=%2BRSbZj0oRU83grK23u5tYg%3D%3D,"Toronto, Ontario, Canada",https://ca.linkedin.com/company/clio---cloud-based-legal-technology?trk=public_jobs_jserp-result_job-search-card-subtitle
119,Quality Assurance Engineer,"Agero, Inc.",https://ca.linkedin.com/jobs/view/quality-assurance-engineer-at-agero-inc-4189804092?position=5&pageNum=2&refId=u%2FSfnXkRkPaTKGlRYtz7mQ%3D%3D&trackingId=cyYRprnc%2BgjoPmLzp7MFJg%3D%3D,"Ontario, Canada",https://www.linkedin.com/company/agero-inc-?trk=public_jobs_jserp-result_job-search-card-subtitle
120,Java Backend Developer,CGI,https://ca.linkedin.com/jobs/view/java-backend-developer-at-cgi-4222130427?position=6&pageNum=2&refId=u%2FSfnXkRkPaTKGlRYtz7mQ%3D%3D&trackingId=WOTSiQcRh%2F8YadfnKgXR6A%3D%3D,"Toronto, Ontario, Canada",https://ca.linkedin.com/company/cgi?trk=public_jobs_jserp-result_job-search-card-subtitle
121,Full Stack Developer (React/Python),OMERS,https://ca.linkedin.com/jobs/view/full-stack-developer-react-python-at-omers-4234932612?position=7&pageNum=2&refId=u%2FSfnXkRkPaTKGlRYtz7mQ%3D%3D&trackingId=ncyEgZ%2FWrTHvJ8Dt3mmRGg%3D%3D,"Toronto, Ontario, Canada",https://ca.linkedin.com/company/omers?trk=public_jobs_jserp-result_job-search-card-subtitle
122,Software Engineer I (Consumer Servicing),Affirm,https://ca.linkedin.com/jobs/view/software-engineer-i-consumer-servicing-at-affirm-4206870423?position=8&pageNum=2&refId=u%2FSfnXkRkPaTKGlRYtz7mQ%3D%3D&trackingId=U5%2Fq9S5bn%2BCBg9Q9nKXViA%3D%3D,"Ottawa, Ontario, Canada",https://www.linkedin.com/company/affirm?trk=public_jobs_jserp-result_job-search-card-subtitle
123,Software Engineer I (Consumer Servicing),Affirm,https://ca.linkedin.com/jobs/view/software-engineer-i-consumer-servicing-at-affirm-4206870422?position=9&pageNum=2&refId=u%2FSfnXkRkPaTKGlRYtz7mQ%3D%3D&trackingId=rVO%2BEdHO459QKKamTxCBGw%3D%3D,"Windsor, Ontario, Canada",https://www.linkedin.com/company/affirm?trk=public_jobs_jserp-result_job-search-card-subtitle
124,"Senior Platform Developer, Backend",Dialogue,https://ca.linkedin.com/jobs/view/senior-platform-developer-backend-at-dialogue-4187536918?position=10&pageNum=2&refId=u%2FSfnXkRkPaTKGlRYtz7mQ%3D%3D&trackingId=tl7iokZHxd0%2FEg57Gx4y%2FA%3D%3D,"Toronto, Ontario, Canada",https://ca.linkedin.com/company/dialogue-md?trk=public_jobs_jserp-result_job-search-card-subtitle
125,Software Requirements Engineer,Aversan Inc.,https://ca.linkedin.com/jobs/view/software-requirements-engineer-at-aversan-inc-4237121871?position=1&pageNum=5&refId=09PY6c6B3hS9RmdnelfOIg%3D%3D&trackingId=cO7%2FyAgjsCd8wTwG9a4LZQ%3D%3D,"London, Ontario, Canada",https://ca.linkedin.com/company/aversan-inc?trk=public_jobs_jserp-result_job-search-card-subtitle
126,Senior Software Developer - Full-stack,J.D. Power,https://ca.linkedin.com/jobs/view/senior-software-developer-full-stack-at-j-d-power-4171064968?position=2&pageNum=5&refId=09PY6c6B3hS9RmdnelfOIg%3D%3D&trackingId=rvB%2Bym5sLX744e3GRJTdXA%3D%3D,"London, Ontario, Canada",https://www.linkedin.com/company/jd-power-and-associates?trk=public_jobs_jserp-result_job-search-card-subtitle
127,Staff Software Engineer - Mobility Matching Platform,Uber,https://ca.linkedin.com/jobs/view/staff-software-engineer-mobility-matching-platform-at-uber-4206614032?position=3&pageNum=5&refId=09PY6c6B3hS9RmdnelfOIg%3D%3D&trackingId=MMkbMjSUA3lDhCra%2BeUnvg%3D%3D,"Toronto, Ontario, Canada",https://www.linkedin.com/company/uber-com?trk=public_jobs_jserp-result_job-search-card-subtitle
128,"Software Engineer, Test",OMERS,https://ca.linkedin.com/jobs/view/software-engineer-test-at-omers-4234931729?position=4&pageNum=5&refId=09PY6c6B3hS9RmdnelfOIg%3D%3D&trackingId=o6L04fWAw9nS2h7QlmVXYQ%3D%3D,"Toronto, Ontario, Canada",https://ca.linkedin.com/company/omers?trk=public_jobs_jserp-result_job-search-card-subtitle
129,Linux Video Software Engineer,Qualcomm,https://ca.linkedin.com/jobs/view/linux-video-software-engineer-at-qualcomm-4221401993?position=5&pageNum=5&refId=09PY6c6B3hS9RmdnelfOIg%3D%3D&trackingId=B0G%2FRaFK8gIFjbSdTJFelg%3D%3D,"Toronto, Ontario, Canada",https://www.linkedin.com/company/qualcomm?trk=public_jobs_jserp-result_job-search-card-subtitle
130,AI Engineer,BMO,https://ca.linkedin.com/jobs/view/ai-engineer-at-bmo-4222105523?position=6&pageNum=5&refId=09PY6c6B3hS9RmdnelfOIg%3D%3D&trackingId=qtMp%2FJBSxkeQGVKnDgax8Q%3D%3D,"Toronto, Ontario, Canada",https://ca.linkedin.com/company/bank-of-montreal?trk=public_jobs_jserp-result_job-search-card-subtitle
131,"Software Development Engineer, AFT Outbound/Flow",Amazon,https://ca.linkedin.com/jobs/view/software-development-engineer-aft-outbound-flow-at-amazon-4208253700?position=7&pageNum=5&refId=09PY6c6B3hS9RmdnelfOIg%3D%3D&trackingId=R%2FwcwJ0gZGdnxRfiF0U%2FbA%3D%3D,"Toronto, Ontario, Canada",https://www.linkedin.com/company/amazon?trk=public_jobs_jserp-result_job-search-card-subtitle
132,Automation Testing,CGI,https://ca.linkedin.com/jobs/view/automation-testing-at-cgi-4221737719?position=8&pageNum=5&refId=09PY6c6B3hS9RmdnelfOIg%3D%3D&trackingId=kuS%2BLsq4Kp7L5%2BBOP%2FA5Yw%3D%3D,"Toronto, Ontario, Canada",https://ca.linkedin.com/company/cgi?trk=public_jobs_jserp-result_job-search-card-subtitle
133,Senior Java Backend Developer,Citi,https://ca.linkedin.com/jobs/view/senior-java-backend-developer-at-citi-4221408501?position=9&pageNum=5&refId=09PY6c6B3hS9RmdnelfOIg%3D%3D&trackingId=O%2FAXx62qwf%2BjcSgCGIl53g%3D%3D,"Mississauga, Ontario, Canada",https://www.linkedin.com/company/citi?trk=public_jobs_jserp-result_job-search-card-subtitle
134,Android Engineer- Telematics & Road Safety,Lyft,https://ca.linkedin.com/jobs/view/android-engineer-telematics-road-safety-at-lyft-4221772889?position=10&pageNum=5&refId=09PY6c6B3hS9RmdnelfOIg%3D%3D&trackingId=xnxbipTdoB1WUyZfyy0%2FGA%3D%3D,"Toronto, Ontario, Canada",https://www.linkedin.com/company/lyft?trk=public_jobs_jserp-result_job-search-card-subtitle
135,Senior Java Developer,Intact,https://ca.linkedin.com/jobs/view/senior-java-developer-at-intact-4168660945?position=1&pageNum=7&refId=r%2FczDfiEQaDmNgScOViCDQ%3D%3D&trackingId=sBK7FZjihl%2FEJm%2BeWeVS4A%3D%3D,"Toronto, Ontario, Canada",https://ca.linkedin.com/company/intact?trk=public_jobs_jserp-result_job-search-card-subtitle
136,Digital Trainee Program (New Graduate): Junior Knowledge Graph Engineer (Temporary 12-months),BASF,https://ca.linkedin.com/jobs/view/digital-trainee-program-new-graduate-junior-knowledge-graph-engineer-temporary-12-months-at-basf-4220341089?position=2&pageNum=7&refId=r%2FczDfiEQaDmNgScOViCDQ%3D%3D&trackingId=brYD4tz8LhvM%2BqyQEcBU6Q%3D%3D,"Mississauga, Ontario, Canada",https://de.linkedin.com/company/basf?trk=public_jobs_jserp-result_job-search-card-subtitle
137,Senior Tech Ops Engineer,EQ Bank | Equitable Bank,https://ca.linkedin.com/jobs/view/senior-tech-ops-engineer-at-eq-bank-equitable-bank-4167875343?position=3&pageNum=7&refId=r%2FczDfiEQaDmNgScOViCDQ%3D%3D&trackingId=jH7cH7hvLwoLMluMgiEgVg%3D%3D,"Toronto, Ontario, Canada",https://ca.linkedin.com/company/equitablebank?trk=public_jobs_jserp-result_job-search-card-subtitle
138,"Senior Python Developer / Lead, Operate - Future Opportunity",Deloitte,https://ca.linkedin.com/jobs/view/senior-python-developer-lead-operate-future-opportunity-at-deloitte-4169262073?position=4&pageNum=7&refId=r%2FczDfiEQaDmNgScOViCDQ%3D%3D&trackingId=MeyAzr5%2FjdyxCnX3xrWVTw%3D%3D,"Toronto, Ontario, Canada",https://www.linkedin.com/company/deloitte?trk=public_jobs_jserp-result_job-search-card-subtitle
139,"Specialist, Software Engineering (Microsoft Azure)",Canada Mortgage and Housing Corporation (CMHC) Société canadienne d'hypothèques et de logement(SCHL),https://ca.linkedin.com/jobs/view/specialist-software-engineering-microsoft-azure-at-canada-mortgage-and-housing-corporation-cmhc-soci%C3%A9t%C3%A9-canadienne-d-hypoth%C3%A8ques-et-de-logement-schl-4203488542?position=5&pageNum=7&refId=r%2FczDfiEQaDmNgScOViCDQ%3D%3D&trackingId=GBTGLTx7MuVAeMeCoNgVHg%3D%3D,"Toronto, Ontario, Canada",https://ca.linkedin.com/company/canada-mortgage-and-housing-corporation?trk=public_jobs_jserp-result_job-search-card-subtitle
140,SDET,VySystems,https://ca.linkedin.com/jobs/view/sdet-at-vysystems-4237556009?position=6&pageNum=7&refId=r%2FczDfiEQaDmNgScOViCDQ%3D%3D&trackingId=9FZPMhNoDqprnIv%2BBhnCqg%3D%3D,"Toronto, Ontario, Canada",https://www.linkedin.com/company/vysystems?trk=public_jobs_jserp-result_job-search-card-subtitle
141,Senior Full-Stack Engineer,Motion Recruitment,https://ca.linkedin.com/jobs/view/senior-full-stack-engineer-at-motion-recruitment-4190696922?position=7&pageNum=7&refId=r%2FczDfiEQaDmNgScOViCDQ%3D%3D&trackingId=JO%2Fk7AqWkhUbbvRKYcECyg%3D%3D,"Toronto, Ontario, Canada",https://www.linkedin.com/company/motion-recruitment-partners?trk=public_jobs_jserp-result_job-search-card-subtitle
142,"Senior Software Developer, DevOps",Hootsuite,https://ca.linkedin.com/jobs/view/senior-software-developer-devops-at-hootsuite-4204995223?position=8&pageNum=7&refId=r%2FczDfiEQaDmNgScOViCDQ%3D%3D&trackingId=EXbzI%2BshdFgIaz%2BevpKE4Q%3D%3D,"Toronto, Ontario, Canada",https://ca.linkedin.com/company/hootsuite?trk=public_jobs_jserp-result_job-search-card-subtitle
143,Senior Software Engineer (JavaScript),Applied Systems Canada,https://ca.linkedin.com/jobs/view/senior-software-engineer-javascript-at-applied-systems-canada-4121830995?position=9&pageNum=7&refId=r%2FczDfiEQaDmNgScOViCDQ%3D%3D&trackingId=myvS7th4fcpc70j6rhSJHQ%3D%3D,"Toronto, Ontario, Canada",https://ca.linkedin.com/company/applied-systems-canada?trk=public_jobs_jserp-result_job-search-card-subtitle
144,Network Automation Full-Stack Software Developer,Nokia,https://ca.linkedin.com/jobs/view/network-automation-full-stack-software-developer-at-nokia-4194306107?position=10&pageNum=7&refId=r%2FczDfiEQaDmNgScOViCDQ%3D%3D&trackingId=aNqXBk3LtbEO6iPsid5zxQ%3D%3D,"Kanata, Ontario, Canada",https://fi.linkedin.com/company/nokia?trk=public_jobs_jserp-result_job-search-card-subtitle
145,"Senior Software Developer, DevOps",Hootsuite,https://ca.linkedin.com/jobs/view/senior-software-developer-devops-at-hootsuite-4204990736?position=1&pageNum=10&refId=u4W7%2FtP%2F0ULwEBi1hyw8ZQ%3D%3D&trackingId=SPVN5%2FiYHqJaVrAWDke5Zg%3D%3D,"Waterloo, Ontario, Canada",https://ca.linkedin.com/company/hootsuite?trk=public_jobs_jserp-result_job-search-card-subtitle
146,Senior Software Engineer (Network Platform Team),NetBrain Technologies Inc.,https://ca.linkedin.com/jobs/view/senior-software-engineer-network-platform-team-at-netbrain-technologies-inc-4144715316?position=2&pageNum=10&refId=u4W7%2FtP%2F0ULwEBi1hyw8ZQ%3D%3D&trackingId=bfF8NFzKO1MHRFCAURgqJQ%3D%3D,"Toronto, Ontario, Canada",https://www.linkedin.com/company/netbraintech?trk=public_jobs_jserp-result_job-search-card-subtitle
147,Senior Automation Testing,CGI,https://ca.linkedin.com/jobs/view/senior-automation-testing-at-cgi-4221740154?position=3&pageNum=10&refId=u4W7%2FtP%2F0ULwEBi1hyw8ZQ%3D%3D&trackingId=gN%2F%2B8lU31UciIU49yTd9Xg%3D%3D,"Toronto, Ontario, Canada",https://ca.linkedin.com/company/cgi?trk=public_jobs_jserp-result_job-search-card-subtitle
148,Senior Full-Stack Developer (Ruby on Rails/React),Phoenix,https://ca.linkedin.com/jobs/view/senior-full-stack-developer-ruby-on-rails-react-at-phoenix-4141673026?position=4&pageNum=10&refId=u4W7%2FtP%2F0ULwEBi1hyw8ZQ%3D%3D&trackingId=p1%2FB8akWtybQNx5bwZbsdw%3D%3D,"Toronto, Ontario, Canada",https://ca.linkedin.com/company/phoenix-health-canada?trk=public_jobs_jserp-result_job-search-card-subtitle
149,Site Reliability Engineer/ Monitoring,Motion Recruitment,https://ca.linkedin.com/jobs/view/site-reliability-engineer-monitoring-at-motion-recruitment-4221382154?position=5&pageNum=10&refId=u4W7%2FtP%2F0ULwEBi1hyw8ZQ%3D%3D&trackingId=lxgsikL4kii90wBR7Uj7%2Fg%3D%3D,"Toronto, Ontario, Canada",https://www.linkedin.com/company/motion-recruitment-partners?trk=public_jobs_jserp-result_job-search-card-subtitle
150,Cloud Engineer - Fall 2025 Co-op/Intern,Definity,https://ca.linkedin.com/jobs/view/cloud-engineer-fall-2025-co-op-intern-at-definity-4221473829?position=6&pageNum=10&refId=u4W7%2FtP%2F0ULwEBi1hyw8ZQ%3D%3D&trackingId=qTE%2BKbcxUlWK%2F5Wil2C4dA%3D%3D,"Toronto, Ontario, Canada",https://ca.linkedin.com/company/definity-financial?trk=public_jobs_jserp-result_job-search-card-subtitle
151,"Senior Software Engineer, Business Process & Automation",The Voleon Group,https://ca.linkedin.com/jobs/view/senior-software-engineer-business-process-automation-at-the-voleon-group-4207884627?position=7&pageNum=10&refId=u4W7%2FtP%2F0ULwEBi1hyw8ZQ%3D%3D&trackingId=I%2BY0RxdhJA%2FTAuXiVnlYHQ%3D%3D,"Toronto, Ontario, Canada",https://www.linkedin.com/company/voleon-capital-management?trk=public_jobs_jserp-result_job-search-card-subtitle
152,"Specialist, Software Engineering (Sitecore)",Canada Mortgage and Housing Corporation (CMHC) Société canadienne d'hypothèques et de logement(SCHL),https://ca.linkedin.com/jobs/view/specialist-software-engineering-sitecore-at-canada-mortgage-and-housing-corporation-cmhc-soci%C3%A9t%C3%A9-canadienne-d-hypoth%C3%A8ques-et-de-logement-schl-4204714186?position=8&pageNum=10&refId=u4W7%2FtP%2F0ULwEBi1hyw8ZQ%3D%3D&trackingId=oXKKoQFLqGyyPCcq5DEINw%3D%3D,"Toronto, Ontario, Canada",https://ca.linkedin.com/company/canada-mortgage-and-housing-corporation?trk=public_jobs_jserp-result_job-search-card-subtitle
153,Staff Machine Learning Engineer,Procore Technologies,https://ca.linkedin.com/jobs/view/staff-machine-learning-engineer-at-procore-technologies-4236730144?position=9&pageNum=10&refId=u4W7%2FtP%2F0ULwEBi1hyw8ZQ%3D%3D&trackingId=Ydb%2Bje772Ztk%2BECVxXQfLw%3D%3D,"Toronto, Ontario, Canada",https://www.linkedin.com/company/procore-technologies?trk=public_jobs_jserp-result_job-search-card-subtitle
154,Senior Software Engineer - Apache Kafka,Confluent,https://ca.linkedin.com/jobs/view/senior-software-engineer-apache-kafka-at-confluent-4185694859?position=1&pageNum=12&refId=8lr5RpPhqNGDY7yAefirUQ%3D%3D&trackingId=J3j9T8802BNZGwBm74vtVA%3D%3D,"Ontario, Canada",https://www.linkedin.com/company/confluent?trk=public_jobs_jserp-result_job-search-card-subtitle
155,Ruby Software Engineer,KUBRA,https://ca.linkedin.com/jobs/view/ruby-software-engineer-at-kubra-4237536728?position=2&pageNum=12&refId=8lr5RpPhqNGDY7yAefirUQ%3D%3D&trackingId=BPJAu2ePQRV%2BmBFffSQ2Rg%3D%3D,"Toronto, Ontario, Canada",https://www.linkedin.com/company/kubra-data-transfer?trk=public_jobs_jserp-result_job-search-card-subtitle
156,AI Systems and ML Scientist,Sanofi,https://ca.linkedin.com/jobs/view/ai-systems-and-ml-scientist-at-sanofi-4234503620?position=3&pageNum=12&refId=8lr5RpPhqNGDY7yAefirUQ%3D%3D&trackingId=zTQje5wrU15t4STtTP3c%2BA%3D%3D,"Toronto, Ontario, Canada",https://fr.linkedin.com/company/sanofi?trk=public_jobs_jserp-result_job-search-card-subtitle
157,ServiceNow Developer,OMERS,https://ca.linkedin.com/jobs/view/servicenow-developer-at-omers-4234933579?position=4&pageNum=12&refId=8lr5RpPhqNGDY7yAefirUQ%3D%3D&trackingId=OhD3mJsnUef5%2FTEL9f528w%3D%3D,"Toronto, Ontario, Canada",https://ca.linkedin.com/company/omers?trk=public_jobs_jserp-result_job-search-card-subtitle
158,Lead Full Stack - Salesforce Developer - (Hybrid - Toronto),Capco,https://ca.linkedin.com/jobs/view/lead-full-stack-salesforce-developer-hybrid-toronto-at-capco-4207815914?position=5&pageNum=12&refId=8lr5RpPhqNGDY7yAefirUQ%3D%3D&trackingId=dPnKEa6z87k92leWCAKaKw%3D%3D,"Toronto, Ontario, Canada",https://uk.linkedin.com/company/capco?trk=public_jobs_jserp-result_job-search-card-subtitle
159,Internship,SwiftReload,https://uz.linkedin.com/jobs/view/internship-at-swiftreload-4234636570?position=6&pageNum=12&refId=8lr5RpPhqNGDY7yAefirUQ%3D%3D&trackingId=mmnzfb5i8tXiRCoHfc1IGg%3D%3D,Uzbekistan,https://ca.linkedin.com/company/swiftreload?trk=public_jobs_jserp-result_job-search-card-subtitle
160,Sr. Software Developer - DevOps,OpenText,https://ca.linkedin.com/jobs/view/sr-software-developer-devops-at-opentext-4187508634?position=7&pageNum=12&refId=8lr5RpPhqNGDY7yAefirUQ%3D%3D&trackingId=10sk3YH5waeCosKAehWrzA%3D%3D,"Waterloo, Ontario, Canada",https://ca.linkedin.com/company/opentext?trk=public_jobs_jserp-result_job-search-card-subtitle
161,Senior Software Engineer (Online Storage),Affirm,https://ca.linkedin.com/jobs/view/senior-software-engineer-online-storage-at-affirm-4166591629?position=8&pageNum=12&refId=8lr5RpPhqNGDY7yAefirUQ%3D%3D&trackingId=a0ty37D8HcpV1AF7WI%2Fmrw%3D%3D,"Oshawa, Ontario, Canada",https://www.linkedin.com/company/affirm?trk=public_jobs_jserp-result_job-search-card-subtitle
162,DevOps Engineer (AWS /Azure Cloud),YASH Technologies,https://ca.linkedin.com/jobs/view/devops-engineer-aws-azure-cloud-at-yash-technologies-4234633974?position=9&pageNum=12&refId=8lr5RpPhqNGDY7yAefirUQ%3D%3D&trackingId=fMFsfsw2UhVgtAMi5kSIrg%3D%3D,"Mississauga, Ontario, Canada",https://www.linkedin.com/company/yash-technologies?trk=public_jobs_jserp-result_job-search-card-subtitle
163,"Senior System Software Engineer, Robotics Simulation",NVIDIA,https://ca.linkedin.com/jobs/view/senior-system-software-engineer-robotics-simulation-at-nvidia-4206283074?position=10&pageNum=12&refId=8lr5RpPhqNGDY7yAefirUQ%3D%3D&trackingId=vvXj0gKWuHV18kwJZWp3dQ%3D%3D,"Toronto, Ontario, Canada",https://www.linkedin.com/company/nvidia?trk=public_jobs_jserp-result_job-search-card-subtitle
164,IVVQ Test Specialist,Thales,https://ca.linkedin.com/jobs/view/ivvq-test-specialist-at-thales-4189865597?position=1&pageNum=15&refId=MZJYfHVPeyeCdX8v%2FXyjNQ%3D%3D&trackingId=zrvo4BqoacX0AXhNhJE51Q%3D%3D,"Ottawa, Ontario, Canada",https://fr.linkedin.com/company/thales?trk=public_jobs_jserp-result_job-search-card-subtitle
165,Principal Product Developer | Python Full Stack,Epicor,https://ca.linkedin.com/jobs/view/principal-product-developer-python-full-stack-at-epicor-4221389813?position=2&pageNum=15&refId=MZJYfHVPeyeCdX8v%2FXyjNQ%3D%3D&trackingId=0uwP3Tn2kuwvq9vNS3jsXQ%3D%3D,"Toronto, Ontario, Canada",https://www.linkedin.com/company/epicor?trk=public_jobs_jserp-result_job-search-card-subtitle
166,Senior Software Engineer (Online Storage),Affirm,https://ca.linkedin.com/jobs/view/senior-software-engineer-online-storage-at-affirm-4166597024?position=3&pageNum=15&refId=MZJYfHVPeyeCdX8v%2FXyjNQ%3D%3D&trackingId=gCClW3XS0qPwGnqLdYxZjg%3D%3D,"Ottawa, Ontario, Canada",https://www.linkedin.com/company/affirm?trk=public_jobs_jserp-result_job-search-card-subtitle
167,MLOps Software Engineer,Latinx in AI (LXAI),https://ca.linkedin.com/jobs/view/mlops-software-engineer-at-latinx-in-ai-lxai-4235032122?position=4&pageNum=15&refId=MZJYfHVPeyeCdX8v%2FXyjNQ%3D%3D&trackingId=jcy3YDNdrt%2FNztvInF1rrw%3D%3D,"Toronto, Ontario, Canada",https://www.linkedin.com/company/latinx-in-ai?trk=public_jobs_jserp-result_job-search-card-subtitle
168,"Engineering Manager, Atlas Stream Processing",MongoDB,https://ca.linkedin.com/jobs/view/engineering-manager-atlas-stream-processing-at-mongodb-4208530292?position=5&pageNum=15&refId=MZJYfHVPeyeCdX8v%2FXyjNQ%3D%3D&trackingId=v31wQoSdYykV%2FAH2A2iIKg%3D%3D,"Toronto, Ontario, Canada",https://www.linkedin.com/company/mongodbinc?trk=public_jobs_jserp-result_job-search-card-subtitle
169,Software Architect,Autodesk,https://ca.linkedin.com/jobs/view/software-architect-at-autodesk-4221406812?position=6&pageNum=15&refId=MZJYfHVPeyeCdX8v%2FXyjNQ%3D%3D&trackingId=Amgm7FmoaoX6g8XgZGm%2FrQ%3D%3D,"Toronto, Ontario, Canada",https://www.linkedin.com/company/autodesk?trk=public_jobs_jserp-result_job-search-card-subtitle
170,Senior Software Systems Engineer (9796),Extreme Networks,https://ca.linkedin.com/jobs/view/senior-software-systems-engineer-9796-at-extreme-networks-4221778812?position=7&pageNum=15&refId=MZJYfHVPeyeCdX8v%2FXyjNQ%3D%3D&trackingId=sBbbuMbNx78Dq%2F9TTHKgpA%3D%3D,Canada,https://www.linkedin.com/company/extreme-networks?trk=public_jobs_jserp-result_job-search-card-subtitle
171,Coding Expertise for AI Training (Indonesian),Outlier,https://ca.linkedin.com/jobs/view/coding-expertise-for-ai-training-indonesian-at-outlier-4220204582?position=8&pageNum=15&refId=MZJYfHVPeyeCdX8v%2FXyjNQ%3D%3D&trackingId=POq6%2BUkZy6TNx2JBvR4cDw%3D%3D,"Toronto, Ontario, Canada",https://www.linkedin.com/company/try-outlier?trk=public_jobs_jserp-result_job-search-card-subtitle
172,"Lead Software Engineer, Delivery Platform",Serve Robotics,https://ca.linkedin.com/jobs/view/lead-software-engineer-delivery-platform-at-serve-robotics-4141142505?position=9&pageNum=15&refId=MZJYfHVPeyeCdX8v%2FXyjNQ%3D%3D&trackingId=7SxJ4G3i%2Fg%2BQ8qjOByrd2g%3D%3D,"Toronto, Ontario, Canada",https://www.linkedin.com/company/serverobotics?trk=public_jobs_jserp-result_job-search-card-subtitle
173,Site Reliability Engineer,S&P Global,https://ca.linkedin.com/jobs/view/site-reliability-engineer-at-s-p-global-4234615753?position=10&pageNum=15&refId=MZJYfHVPeyeCdX8v%2FXyjNQ%3D%3D&trackingId=abGCvCDeZwAP%2BwMSGB9RMA%3D%3D,"Toronto, Ontario, Canada",https://www.linkedin.com/company/spglobal?trk=public_jobs_jserp-result_job-search-card-subtitle
174,Senior Databricks Engineer,CloudPalDev,https://ca.linkedin.com/jobs/view/senior-databricks-engineer-at-cloudpaldev-4234607642?position=1&pageNum=17&refId=dr1dFSaEP39LwaY5cnkDSQ%3D%3D&trackingId=L3kW6lszcS%2Bn5JNATmtcVg%3D%3D,"Ontario, Canada",https://ca.linkedin.com/company/cloudpaldevinfra?trk=public_jobs_jserp-result_job-search-card-subtitle
175,Technical Engineer (5-8 years' experience),Sectra,https://ca.linkedin.com/jobs/view/technical-engineer-5-8-years-experience-at-sectra-4190280216?position=2&pageNum=17&refId=dr1dFSaEP39LwaY5cnkDSQ%3D%3D&trackingId=SN8V9i2eoxTrFQlwF%2BnbfA%3D%3D,"Mississauga, Ontario, Canada",https://se.linkedin.com/company/sectra?trk=public_jobs_jserp-result_job-search-card-subtitle
176,SAP Entwickler / Developer (w/m/d),NTT DATA Business Solutions,https://ca.linkedin.com/jobs/view/sap-entwickler-developer-w-m-d-at-ntt-data-business-solutions-4237185037?position=3&pageNum=17&refId=dr1dFSaEP39LwaY5cnkDSQ%3D%3D&trackingId=hW2pH7PCgKNOcEb3TGf%2BSg%3D%3D,"Zurich, Ontario, Canada",https://de.linkedin.com/company/ntt-data-business-solutions?trk=public_jobs_jserp-result_job-search-card-subtitle
177,Fircosoft STP Engine - Production Support,CGI,https://ca.linkedin.com/jobs/view/fircosoft-stp-engine-production-support-at-cgi-4207005305?position=4&pageNum=17&refId=dr1dFSaEP39LwaY5cnkDSQ%3D%3D&trackingId=Wywf%2BJBmmvu3uW0%2BaNdQAg%3D%3D,"Toronto, Ontario, Canada",https://ca.linkedin.com/company/cgi?trk=public_jobs_jserp-result_job-search-card-subtitle
178,Principal SW/FW Engineer,Marvell Technology,https://ca.linkedin.com/jobs/view/principal-sw-fw-engineer-at-marvell-technology-3962846410?position=5&pageNum=17&refId=dr1dFSaEP39LwaY5cnkDSQ%3D%3D&trackingId=8Iqyxp%2FS4sUbyR4e84OV8Q%3D%3D,"Ottawa, Ontario, Canada",https://www.linkedin.com/company/marvell?trk=public_jobs_jserp-result_job-search-card-subtitle
179,"Senior Specialist, Software Engineering (Microsoft Dynamics 365 CRM)",Canada Mortgage and Housing Corporation (CMHC) Société canadienne d'hypothèques et de logement(SCHL),https://ca.linkedin.com/jobs/view/senior-specialist-software-engineering-microsoft-dynamics-365-crm-at-canada-mortgage-and-housing-corporation-cmhc-soci%C3%A9t%C3%A9-canadienne-d-hypoth%C3%A8ques-et-de-logement-schl-4204709519?position=6&pageNum=17&refId=dr1dFSaEP39LwaY5cnkDSQ%3D%3D&trackingId=k6hi9hzYxSutk%2Ft0JeXxLQ%3D%3D,"Toronto, Ontario, Canada",https://ca.linkedin.com/company/canada-mortgage-and-housing-corporation?trk=public_jobs_jserp-result_job-search-card-subtitle
180,Cloud Site Reliability Engineer - AZURE (32286),Myticas Consulting,https://ca.linkedin.com/jobs/view/cloud-site-reliability-engineer-azure-32286-at-myticas-consulting-4224527055?position=7&pageNum=17&refId=dr1dFSaEP39LwaY5cnkDSQ%3D%3D&trackingId=7hQTRlfJIT3h3r82aaBJ9A%3D%3D,"Toronto, Ontario, Canada",https://ca.linkedin.com/company/myticas-consulting?trk=public_jobs_jserp-result_job-search-card-subtitle
181,Ingénieur en logiciels II,TD,https://ca.linkedin.com/jobs/view/ing%C3%A9nieur-en-logiciels-ii-at-td-4210000555?position=8&pageNum=17&refId=dr1dFSaEP39LwaY5cnkDSQ%3D%3D&trackingId=dK72ALg%2FK7B3nzxIAF3OFg%3D%3D,"Toronto, Ontario, Canada",https://ca.linkedin.com/company/td?trk=public_jobs_jserp-result_job-search-card-subtitle
182,"Senior Research Scientist (Foundational Research, Machine Learning)",Thomson Reuters,https://ca.linkedin.com/jobs/view/senior-research-scientist-foundational-research-machine-learning-at-thomson-reuters-4067133114?position=9&pageNum=17&refId=dr1dFSaEP39LwaY5cnkDSQ%3D%3D&trackingId=DspyNMRmSK8BQQoNIGosKA%3D%3D,"Toronto, Ontario, Canada",https://ca.linkedin.com/company/thomson-reuters?trk=public_jobs_jserp-result_job-search-card-subtitle
183,"Principal Software Engineer, Infrastructure Platform Engineering",Affirm,https://ca.linkedin.com/jobs/view/principal-software-engineer-infrastructure-platform-engineering-at-affirm-4167908760?position=10&pageNum=17&refId=dr1dFSaEP39LwaY5cnkDSQ%3D%3D&trackingId=t5jsmb%2Bf0C%2B2IEZDlapaBA%3D%3D,"Ottawa, Ontario, Canada",https://www.linkedin.com/company/affirm?trk=public_jobs_jserp-result_job-search-card-subtitle
184,Remote Coding Expertise for AI Training (Russian),Outlier,https://ca.linkedin.com/jobs/view/remote-coding-expertise-for-ai-training-russian-at-outlier-4220099926?position=1&pageNum=20&refId=frfFJnnB3YJj0F%2F%2FDaO25Q%3D%3D&trackingId=b5X%2FSaCxAgSg5hZJq71jHA%3D%3D,"Toronto, Ontario, Canada",https://www.linkedin.com/company/try-outlier?trk=public_jobs_jserp-result_job-search-card-subtitle
185,"Sr. Backend Engineer, Cloud - Next-Gen SIEM (Remote, CAN)",CrowdStrike,https://ca.linkedin.com/jobs/view/sr-backend-engineer-cloud-next-gen-siem-remote-can-at-crowdstrike-4220339967?position=2&pageNum=20&refId=frfFJnnB3YJj0F%2F%2FDaO25Q%3D%3D&trackingId=EQvm274Djqjub1LS0Q%2FMxw%3D%3D,"Toronto, Ontario, Canada",https://www.linkedin.com/company/crowdstrike?trk=public_jobs_jserp-result_job-search-card-subtitle
186,Senior AI Enterprise Architect,Roche,https://ca.linkedin.com/jobs/view/senior-ai-enterprise-architect-at-roche-4171055423?position=3&pageNum=20&refId=frfFJnnB3YJj0F%2F%2FDaO25Q%3D%3D&trackingId=i5iJim%2BEP0J2hTgzS%2BnNNQ%3D%3D,"Mississauga, Ontario, Canada",https://ch.linkedin.com/company/roche?trk=public_jobs_jserp-result_job-search-card-subtitle
187,Associate Hardware Scientist (Mass Spec – Ion Traps),SCIEX,https://ca.linkedin.com/jobs/view/associate-hardware-scientist-mass-spec-%E2%80%93-ion-traps-at-sciex-4169680827?position=4&pageNum=20&refId=frfFJnnB3YJj0F%2F%2FDaO25Q%3D%3D&trackingId=whhOGa3tSCM052Yxz7w4%2BA%3D%3D,"Toronto, Ontario, Canada",https://www.linkedin.com/company/sciex?trk=public_jobs_jserp-result_job-search-card-subtitle
188,"Principal Software Engineer, Traffic Management",Affirm,https://ca.linkedin.com/jobs/view/principal-software-engineer-traffic-management-at-affirm-4168736457?position=5&pageNum=20&refId=frfFJnnB3YJj0F%2F%2FDaO25Q%3D%3D&trackingId=Cdbedi%2BkvYBPz4zP4lJhLA%3D%3D,"Hamilton, Ontario, Canada",https://www.linkedin.com/company/affirm?trk=public_jobs_jserp-result_job-search-card-subtitle
189,"Principal Software Engineer, Traffic Management",Affirm,https://ca.linkedin.com/jobs/view/principal-software-engineer-traffic-management-at-affirm-4168736458?position=6&pageNum=20&refId=frfFJnnB3YJj0F%2F%2FDaO25Q%3D%3D&trackingId=YvYN%2BjvlAvvA9BiclVWQVw%3D%3D,"Oshawa, Ontario, Canada",https://www.linkedin.com/company/affirm?trk=public_jobs_jserp-result_job-search-card-subtitle
190,DevOps Specialist,CIRA,https://ca.linkedin.com/jobs/view/devops-specialist-at-cira-4164187909?position=7&pageNum=20&refId=frfFJnnB3YJj0F%2F%2FDaO25Q%3D%3D&trackingId=743gX1w6ULOkj1w8jJScoQ%3D%3D,"Ottawa, Ontario, Canada",https://ca.linkedin.com/company/canadian-internet-registration-authority?trk=public_jobs_jserp-result_job-search-card-subtitle
191,"Senior Security Platform Engineer (Java, Python, Hashicorp)",Sun Life,https://ca.linkedin.com/jobs/view/senior-security-platform-engineer-java-python-hashicorp-at-sun-life-4221451485?position=8&pageNum=20&refId=frfFJnnB3YJj0F%2F%2FDaO25Q%3D%3D&trackingId=QCtpuh4eUmzMfrQ3TJx9%2FQ%3D%3D,"Toronto, Ontario, Canada",https://www.linkedin.com/company/sun-life-financial?trk=public_jobs_jserp-result_job-search-card-subtitle
192,"Principal Software Engineer, Traffic Management",Affirm,https://ca.linkedin.com/jobs/view/principal-software-engineer-traffic-management-at-affirm-4168735648?position=9&pageNum=20&refId=frfFJnnB3YJj0F%2F%2FDaO25Q%3D%3D&trackingId=08dlnxjzTYX0rgGNKxbVjw%3D%3D,"Windsor, Ontario, Canada",https://www.linkedin.com/company/affirm?trk=public_jobs_jserp-result_job-search-card-subtitle
193,Associate Hardware Scientist (Mass Spec – Ion Traps),SCIEX,https://ca.linkedin.com/jobs/view/associate-hardware-scientist-mass-spec-%E2%80%93-ion-traps-at-sciex-4169678931?position=10&pageNum=20&refId=frfFJnnB3YJj0F%2F%2FDaO25Q%3D%3D&trackingId=KRbi2SFaQ0m7K7nwLdpr6w%3D%3D,"St. Catharines, Ontario, Canada",https://www.linkedin.com/company/sciex?trk=public_jobs_jserp-result_job-search-card-subtitle
194,Associate Hardware Scientist (Mass Spec – Ion Traps),SCIEX,https://ca.linkedin.com/jobs/view/associate-hardware-scientist-mass-spec-%E2%80%93-ion-traps-at-sciex-4169682573?position=1&pageNum=22&refId=WerQf8w691pbkh%2F%2Bu9ThJg%3D%3D&trackingId=tUns%2BFIA4LOJtb6JE21Y%2Fw%3D%3D,"Windsor, Ontario, Canada",https://www.linkedin.com/company/sciex?trk=public_jobs_jserp-result_job-search-card-subtitle
195,AWS/ ETRM Architect,EY,https://ca.linkedin.com/jobs/view/aws-etrm-architect-at-ey-4220232462?position=2&pageNum=22&refId=WerQf8w691pbkh%2F%2Bu9ThJg%3D%3D&trackingId=yGZS4YrQdPsIcNfqGYo58A%3D%3D,"Toronto, Ontario, Canada",https://uk.linkedin.com/company/ernstandyoung?trk=public_jobs_jserp-result_job-search-card-subtitle
196,"Technical Engineer, PACS Data Migration (3-8 Years' Experience)",Sectra,https://ca.linkedin.com/jobs/view/technical-engineer-pacs-data-migration-3-8-years-experience-at-sectra-4189805097?position=3&pageNum=22&refId=WerQf8w691pbkh%2F%2Bu9ThJg%3D%3D&trackingId=k9B47bWcgDm%2FIjnevijVuA%3D%3D,"Mississauga, Ontario, Canada",https://se.linkedin.com/company/sectra?trk=public_jobs_jserp-result_job-search-card-subtitle
197,Associate Hardware Scientist (Mass Spec – Ion Traps),SCIEX,https://ca.linkedin.com/jobs/view/associate-hardware-scientist-mass-spec-%E2%80%93-ion-traps-at-sciex-4169679871?position=4&pageNum=22&refId=WerQf8w691pbkh%2F%2Bu9ThJg%3D%3D&trackingId=kEe85fGXam0GI20w3M04kg%3D%3D,"Woodstock, Ontario, Canada",https://www.linkedin.com/company/sciex?trk=public_jobs_jserp-result_job-search-card-subtitle
198,Associate Hardware Scientist (Mass Spec – Ion Traps),SCIEX,https://ca.linkedin.com/jobs/view/associate-hardware-scientist-mass-spec-%E2%80%93-ion-traps-at-sciex-4169679869?position=5&pageNum=22&refId=WerQf8w691pbkh%2F%2Bu9ThJg%3D%3D&trackingId=WmcRw4BDnFKnkOi9y%2BJE%2Bw%3D%3D,"Tillsonburg, Ontario, Canada",https://www.linkedin.com/company/sciex?trk=public_jobs_jserp-result_job-search-card-subtitle
199,Senior Siebel Integration Developer,Cloud SynApps Inc.,https://ca.linkedin.com/jobs/view/senior-siebel-integration-developer-at-cloud-synapps-inc-4234672195?position=6&pageNum=22&refId=WerQf8w691pbkh%2F%2Bu9ThJg%3D%3D&trackingId=8DS%2FhEy6%2BP13q1W92scgEg%3D%3D,"Mississauga, Ontario, Canada",https://ca.linkedin.com/company/cloud-synapps?trk=public_jobs_jserp-result_job-search-card-subtitle
200,"Principal Software Engineer, Traffic Management",Affirm,https://ca.linkedin.com/jobs/view/principal-software-engineer-traffic-management-at-affirm-4168737305?position=7&pageNum=22&refId=WerQf8w691pbkh%2F%2Bu9ThJg%3D%3D&trackingId=LiGpVG5v850YEjzu0wtIVA%3D%3D,"London, Ontario, Canada",https://www.linkedin.com/company/affirm?trk=public_jobs_jserp-result_job-search-card-subtitle
201,Développeur logiciel principal_fr,Intact,https://ca.linkedin.com/jobs/view/d%C3%A9veloppeur-logiciel-principal-fr-at-intact-4165635788?position=8&pageNum=22&refId=WerQf8w691pbkh%2F%2Bu9ThJg%3D%3D&trackingId=T%2FiyzBgpgX%2BcIm8wr6I9VQ%3D%3D,"Toronto, Ontario, Canada",https://ca.linkedin.com/company/intact?trk=public_jobs_jserp-result_job-search-card-subtitle
202,Principal MLOPs Engineer (Canada),Rackspace Technology,https://ca.linkedin.com/jobs/view/principal-mlops-engineer-canada-at-rackspace-technology-4235042932?position=9&pageNum=22&refId=WerQf8w691pbkh%2F%2Bu9ThJg%3D%3D&trackingId=uo2DAFqqAENqmN0l1SqN5A%3D%3D,"Toronto, Ontario, Canada",https://www.linkedin.com/company/rackspace-technology?trk=public_jobs_jserp-result_job-search-card-subtitle
203,Remote Coding Expertise for AI Training (Ukrainian),Outlier,https://ca.linkedin.com/jobs/view/remote-coding-expertise-for-ai-training-ukrainian-at-outlier-4220099960?position=10&pageNum=22&refId=WerQf8w691pbkh%2F%2Bu9ThJg%3D%3D&trackingId=qLcefmdEG%2BUcmfd7xybwPQ%3D%3D,"Toronto, Ontario, Canada",https://www.linkedin.com/company/try-outlier?trk=public_jobs_jserp-result_job-search-card-subtitle
204,CFAA Fire Alarm Inspector (Union) - Programmer,Johnson Controls,https://ca.linkedin.com/jobs/view/cfaa-fire-alarm-inspector-union-programmer-at-johnson-controls-4234149654?position=1&pageNum=25&refId=CPk4egqurZRx4M7i2vrtPg%3D%3D&trackingId=we6AkOTFjKqEZb5BZGsFEg%3D%3D,"Hamilton, Ontario, Canada",https://ie.linkedin.com/company/johnson-controls?trk=public_jobs_jserp-result_job-search-card-subtitle
205,"Data Engineer, Data Integration & Performance Platform",OMERS,https://ca.linkedin.com/jobs/view/data-engineer-data-integration-performance-platform-at-omers-4234938145?position=2&pageNum=25&refId=CPk4egqurZRx4M7i2vrtPg%3D%3D&trackingId=bAEM0zpILbsMlQOEPs9Jnw%3D%3D,"Toronto, Ontario, Canada",https://ca.linkedin.com/company/omers?trk=public_jobs_jserp-result_job-search-card-subtitle
206,"Microsoft Teams Full Stack Developer (Teams SDK/Tabs, AI Chatbot, Python, AWS/Azure) – HYBRID 6M (1727)",Direct IT Recruiting Inc.,https://ca.linkedin.com/jobs/view/microsoft-teams-full-stack-developer-teams-sdk-tabs-ai-chatbot-python-aws-azure-%E2%80%93-hybrid-6m-1727-at-direct-it-recruiting-inc-4233088132?position=3&pageNum=25&refId=CPk4egqurZRx4M7i2vrtPg%3D%3D&trackingId=9ripdY4AixabZyeh0dwLaw%3D%3D,"Toronto, Ontario, Canada",https://ca.linkedin.com/company/direct-it-recruiting-inc?trk=public_jobs_jserp-result_job-search-card-subtitle
207,Software Engineer - Full Stack and Back End,Citi,https://ca.linkedin.com/jobs/view/software-engineer-full-stack-and-back-end-at-citi-4169034781?position=1&pageNum=0&refId=XoyVJ09yfIaJn1iuyj0pdw%3D%3D&trackingId=FACSXRn6f6QwwE%2BG5hR%2F8A%3D%3D,"Mississauga, Ontario, Canada",https://www.linkedin.com/company/citi?trk=public_jobs_jserp-result_job-search-card-subtitle
208,Full-Stack Engineer,BuildOps,https://ca.linkedin.com/jobs/view/full-stack-engineer-at-buildops-4111635156?position=2&pageNum=0&refId=XoyVJ09yfIaJn1iuyj0pdw%3D%3D&trackingId=3PBN9ljrl1n1z4%2F%2BHRhpvQ%3D%3D,"Toronto, Ontario, Canada",https://www.linkedin.com/company/buildops?trk=public_jobs_jserp-result_job-search-card-subtitle
209,Software Engineer (Java) - Wealth Managment,Scotiabank,https://ca.linkedin.com/jobs/view/software-engineer-java-wealth-managment-at-scotiabank-4186431628?position=3&pageNum=0&refId=XoyVJ09yfIaJn1iuyj0pdw%3D%3D&trackingId=BjvrNZX9AwZDOeSdTD9New%3D%3D,"Toronto, Ontario, Canada",https://ca.linkedin.com/company/scotiabank?trk=public_jobs_jserp-result_job-search-card-subtitle
210,"Senior Software Engineer, Backend - Fintech",Hopper,https://ca.linkedin.com/jobs/view/senior-software-engineer-backend-fintech-at-hopper-4221455605?position=4&pageNum=0&refId=XoyVJ09yfIaJn1iuyj0pdw%3D%3D&trackingId=93AW4NDp296VD4SEYGlcgA%3D%3D,"Toronto, Ontario, Canada",https://ca.linkedin.com/company/hopper?trk=public_jobs_jserp-result_job-search-card-subtitle
211,Senior Backend Software Engineer,Confluent,https://ca.linkedin.com/jobs/view/senior-backend-software-engineer-at-confluent-4187180969?position=5&pageNum=0&refId=XoyVJ09yfIaJn1iuyj0pdw%3D%3D&trackingId=A7bHSMSh2vMJmSrYgvVedw%3D%3D,"Ontario, Canada",https://www.linkedin.com/company/confluent?trk=public_jobs_jserp-result_job-search-card-subtitle
212,Java and Spark Developer,Infosys,https://ca.linkedin.com/jobs/view/java-and-spark-developer-at-infosys-4197910181?position=6&pageNum=0&refId=XoyVJ09yfIaJn1iuyj0pdw%3D%3D&trackingId=SNglKzCgiy7U2L9hgDyj3Q%3D%3D,"Mississauga, Ontario, Canada",https://in.linkedin.com/company/infosys?trk=public_jobs_jserp-result_job-search-card-subtitle
213,Backend Software Engineer - Cloud Traffic and Networking (Remote - Canada),Confluent,https://ca.linkedin.com/jobs/view/backend-software-engineer-cloud-traffic-and-networking-remote-canada-at-confluent-4168141169?position=7&pageNum=0&refId=XoyVJ09yfIaJn1iuyj0pdw%3D%3D&trackingId=lRMkeeCUrm3RNbXHhB8%2BgQ%3D%3D,"Ontario, Canada",https://www.linkedin.com/company/confluent?trk=public_jobs_jserp-result_job-search-card-subtitle
214,Java Backend Developer,CGI,https://ca.linkedin.com/jobs/view/java-backend-developer-at-cgi-4222130427?position=8&pageNum=0&refId=XoyVJ09yfIaJn1iuyj0pdw%3D%3D&trackingId=3aYdC0tE3KFhnsYFPsaVZw%3D%3D,"Toronto, Ontario, Canada",https://ca.linkedin.com/company/cgi?trk=public_jobs_jserp-result_job-search-card-subtitle
215,Senior Developer (Fullstack),Klick,https://ca.linkedin.com/jobs/view/senior-developer-fullstack-at-klick-4221744900?position=9&pageNum=0&refId=XoyVJ09yfIaJn1iuyj0pdw%3D%3D&trackingId=Ua7SQHujLCHCP2y6WDf3%2FQ%3D%3D,"Toronto, Ontario, Canada",https://ca.linkedin.com/company/klick-health?trk=public_jobs_jserp-result_job-search-card-subtitle
216,Java/JEE developer (Hybrid),Citi,https://ca.linkedin.com/jobs/view/java-jee-developer-hybrid-at-citi-4207127889?position=10&pageNum=0&refId=XoyVJ09yfIaJn1iuyj0pdw%3D%3D&trackingId=dE817cpVT1%2F8ffveEeSM7w%3D%3D,"Mississauga, Ontario, Canada",https://www.linkedin.com/company/citi?trk=public_jobs_jserp-result_job-search-card-subtitle
217,.Net Angular Developer,Capgemini,https://ca.linkedin.com/jobs/view/net-angular-developer-at-capgemini-4232985656?position=1&pageNum=2&refId=KXxAvN8BTc0fRzgTN6scTA%3D%3D&trackingId=U5GgZhycTxmdAj2UE6vKgQ%3D%3D,"Mississauga, Ontario, Canada",https://fr.linkedin.com/company/capgemini?trk=public_jobs_jserp-result_job-search-card-subtitle
218,"Principal Associate, Software Engineer",Capital One,https://ca.linkedin.com/jobs/view/principal-associate-software-engineer-at-capital-one-4205838000?position=2&pageNum=2&refId=KXxAvN8BTc0fRzgTN6scTA%3D%3D&trackingId=3sBBDP0uHucOcWHsgBaqDQ%3D%3D,"Toronto, Ontario, Canada",https://www.linkedin.com/company/capital-one?trk=public_jobs_jserp-result_job-search-card-subtitle
219,"Microsoft Teams Full Stack Developer (Teams SDK/Tabs, AI Chatbot, Python, AWS/Azure) – HYBRID 6M (1727)",Direct IT Recruiting Inc.,https://ca.linkedin.com/jobs/view/microsoft-teams-full-stack-developer-teams-sdk-tabs-ai-chatbot-python-aws-azure-%E2%80%93-hybrid-6m-1727-at-direct-it-recruiting-inc-4233088132?position=3&pageNum=2&refId=KXxAvN8BTc0fRzgTN6scTA%3D%3D&trackingId=gXoOjY5G5uDZggOUHOYXbg%3D%3D,"Toronto, Ontario, Canada",https://ca.linkedin.com/company/direct-it-recruiting-inc?trk=public_jobs_jserp-result_job-search-card-subtitle
220,"Sr. Backend Engineer, Cloud - Next-Gen SIEM (Remote, CAN)",CrowdStrike,https://ca.linkedin.com/jobs/view/sr-backend-engineer-cloud-next-gen-siem-remote-can-at-crowdstrike-4220339967?position=4&pageNum=2&refId=KXxAvN8BTc0fRzgTN6scTA%3D%3D&trackingId=IjvIy0LTzAyxUdjKRyV3kA%3D%3D,"Toronto, Ontario, Canada",https://www.linkedin.com/company/crowdstrike?trk=public_jobs_jserp-result_job-search-card-subtitle
221,Front-End Developer,Interac Corp.,https://ca.linkedin.com/jobs/view/front-end-developer-at-interac-corp-4207101268?position=1&pageNum=0&refId=AUEuPe0riP0498QcGQw75g%3D%3D&trackingId=el7i%2Bo1ceVmLwi0NhWF0fA%3D%3D,"Toronto, Ontario, Canada",https://ca.linkedin.com/company/interac-corp?trk=public_jobs_jserp-result_job-search-card-subtitle
222,Frontend Engineer - Onboarding,BitGo,https://ca.linkedin.com/jobs/view/frontend-engineer-onboarding-at-bitgo-4221483092?position=2&pageNum=0&refId=AUEuPe0riP0498QcGQw75g%3D%3D&trackingId=K2rZAdADCYBgZuDD8oAhvg%3D%3D,"Toronto, Ontario, Canada",https://www.linkedin.com/company/bitgo?trk=public_jobs_jserp-result_job-search-card-subtitle
223,"Front-End Engineer, GenAI, Amazon",Amazon,https://ca.linkedin.com/jobs/view/front-end-engineer-genai-amazon-at-amazon-4170230072?position=3&pageNum=0&refId=AUEuPe0riP0498QcGQw75g%3D%3D&trackingId=2mPo%2FQteQIYY40S2pEm3YQ%3D%3D,"Toronto, Ontario, Canada",https://www.linkedin.com/company/amazon?trk=public_jobs_jserp-result_job-search-card-subtitle
224,SENIOR FRONTEND DEVELOPER (MATRIX),"Svitla Systems, Inc.",https://ca.linkedin.com/jobs/view/senior-frontend-developer-matrix-at-svitla-systems-inc-4237378557?position=4&pageNum=0&refId=AUEuPe0riP0498QcGQw75g%3D%3D&trackingId=8QyzuQm3mRhREPX6PTiunQ%3D%3D,"Toronto, Ontario, Canada",https://www.linkedin.com/company/svitla-systems-inc-?trk=public_jobs_jserp-result_job-search-card-subtitle
225,Senior UI Engineer Lead in UI/Frontend,Citi,https://ca.linkedin.com/jobs/view/senior-ui-engineer-lead-in-ui-frontend-at-citi-4221411315?position=5&pageNum=0&refId=AUEuPe0riP0498QcGQw75g%3D%3D&trackingId=tZ7xTIiQy2zXrQi%2FeSFriA%3D%3D,"Mississauga, Ontario, Canada",https://www.linkedin.com/company/citi?trk=public_jobs_jserp-result_job-search-card-subtitle
226,"Software Developer, React Native",Clio - Cloud-Based Legal Technology,https://ca.linkedin.com/jobs/view/software-developer-react-native-at-clio-cloud-based-legal-technology-4166591679?position=6&pageNum=0&refId=AUEuPe0riP0498QcGQw75g%3D%3D&trackingId=cY83KXYx%2F%2B%2F0XkE4nYc0sA%3D%3D,"Toronto, Ontario, Canada",https://ca.linkedin.com/company/clio---cloud-based-legal-technology?trk=public_jobs_jserp-result_job-search-card-subtitle
227,Full Stack Developer (React/Python),OMERS,https://ca.linkedin.com/jobs/view/full-stack-developer-react-python-at-omers-4234932612?position=7&pageNum=0&refId=AUEuPe0riP0498QcGQw75g%3D%3D&trackingId=AGqsXDMPPPze127v9lTScA%3D%3D,"Toronto, Ontario, Canada",https://ca.linkedin.com/company/omers?trk=public_jobs_jserp-result_job-search-card-subtitle
228,"Senior Full-Stack Developer - Java, Spring, SQL, Angular, React",TELUS,https://ca.linkedin.com/jobs/view/senior-full-stack-developer-java-spring-sql-angular-react-at-telus-4206864193?position=8&pageNum=0&refId=AUEuPe0riP0498QcGQw75g%3D%3D&trackingId=ID1f0FJXhOAQxEgfYTJ1ww%3D%3D,"Toronto, Ontario, Canada",https://ca.linkedin.com/company/telus?trk=public_jobs_jserp-result_job-search-card-subtitle
229,Full-Stack Developer (Ruby on Rails/React),Phoenix,https://ca.linkedin.com/jobs/view/full-stack-developer-ruby-on-rails-react-at-phoenix-4141665969?position=9&pageNum=0&refId=AUEuPe0riP0498QcGQw75g%3D%3D&trackingId=1XUrgENUXFcpm09Syi7DUg%3D%3D,"Toronto, Ontario, Canada",https://ca.linkedin.com/company/phoenix-health-canada?trk=public_jobs_jserp-result_job-search-card-subtitle
230,Senior Fullstack Software Developer (Node js. & React),Lightspeed Commerce,https://ca.linkedin.com/jobs/view/senior-fullstack-software-developer-node-js-react-at-lightspeed-commerce-4143662469?position=10&pageNum=0&refId=AUEuPe0riP0498QcGQw75g%3D%3D&trackingId=VSuBZRANtK83BZStyQlh1Q%3D%3D,"Greater Toronto Area, Canada",https://ca.linkedin.com/company/lightspeedcommerce?trk=public_jobs_jserp-result_job-search-card-subtitle
